
5876,'DA BOOZE BARN / WEST BEND
5675,10TH HOLE INN & SUITE / GIFT SHOP
5942,16TH AVE BP / CEDAR RAPIDS
9052,173 CRAFT DISTILLERY
5943,1ST AVE BP / CEDAR RAPIDS
5443,1ST STOP BEVERAGE SHOP
5736,218 FUEL EXPRESS
4986,218 FUEL EXPRESS & CHUBBY'S LIQUOR
9932,"3-OAKS DISTILLERY, LLC"
4845,3RD ST CONVENIENCE
10223,4 WAY STOP SHOP / MOVILLE
5498,6 CORNERS GAS & GRUB
10219,7 DAYS MART / COUNCIL BLUFFS
3881,7 RAYOS LIQUOR STORE
5262,7-ELEVEN # 34464Z
5462,7STAR LIQUOR & TOBACCO OUTLET
6329,8 SECONDS / SIDNEY
6256,821 SQ LIQUOR / DES MOINES
4509,A J'S LIQUOR II
5140,A TO Z LIQUOR
6060,A TO Z LIQUOR / CHEROKEE
3529,A TO Z LIQUOR AND SMOKE SHOP
6092,A&S FOOD AND GAS / DAVENPORT
6071,A&Z LIQUORS / HAMPTON
4442,A-TOWN LIQUOR STORE
3534,A. V. LIQUOR
4924,ABBY LEA'S
4809,ABBY LEA'S
3591,ACKLEY SUPER FOODS
5491,ACKLEY SUPERFOODS
6278,ADVENTURELAND / ALTOONA
2238,ADVENTURELAND INN
4680,AFAL FOOD & LIQUOR / DES MOINES
3876,AFFILIATED FOODS OF MANSON
4114,AFTER 5 SOMEWHERE
6339,AINSWORTH FOUR CORNERS / AINSWORTH
5905,AJ'S JACK & JILL / WEST BRANCH
4251,AJ'S LIQUOR / AMES
4960,AJ'S LIQUOR III
6134,AKRON STOP / ALGONA
2290,AL'S LIQUORS UNLIMITED
5139,ALI'S CORNER #2
5933,ALI'S CORNER / WATERLOO
4935,ALI'S LIQUOR
4075,ALI'S WEST SIDE LIQUOR
6119,ALLCOOL LIQUORS / WDM
4987,ALMOST ALWAYS OPEN
5326,ALS LIQUOR
5682,AMBYSURE INC / CLINTON
9042,"AMERICAN HERITAGE DISTILLERS, LLC"
3521,AMERISTAR CASINO / COUNCIL BLUFFS
5161,AMERISTAR CASINO COUNCIL BLUFFS GIFT
2487,ANAMOSA FAMILY FOODS
5916,ANOTHER ROUND / DEWITT
5228,ANTHON MINI MART
10231,ANTOJITOS PENA / HAWARDEN
3725,ARMSTRONG LIQUOR STORE
9048,ARTISAN GRAIN DISTILLERY
9022,ARTISAN GRAIN DISTILLERY
9922,ARTISAN GRAIN DISTILLERY
4612,ATC LIQUOR
5173,AUDUBON FOOD LAND
3631,AUDUBON FOOD PRIDE
5169,AV SUPERSTOP
5652,AVENUE G STORE / COUNCIL BLUFFS
5322,AVOCA FOOD LAND
3700,AVOCA LIQUOR
5312,"B & K ONE STOP LLC, WASHTA"
4647,B AND B EAST / WATERLOO
4932,B AND B WEST
4035,B AND B WEST
3612,B AND C LIQUOR / MAQUOKETA
4496,B P ON 1ST
5149,B S MINI MART INC
5463,BACKWATER SPIRITS AND MORE
4977,BACON CREEK COUNTRY STORE
6210,BAILEY'S CONVENIENCE / SIOUX CITY
3842,BANCROFT LIQUOR STORE
4959,BANI'S
4875,BANI'S
6147,BANI'S / CEDAR FALLS
10178,BANI'S / CEDAR FALLS
3677,BARB'S SERVICE
3995,BARMUDA DISTRIBUTION
5106,BARNES FOOD LAND
3451,BARNES FOODLAND
4896,BARRYS MINI MART
6294,BATAVIA BP / BATAVIA
5179,BAXTER FAMILY MARKET
5066,BEARS BURGERS & BUNS
2413,BEECHER BEVERAGE
5732,BEECHER CO INC
5427,BEECHER LIQUOR
5886,BEECHER LIQUOR / DUBUQUE
5589,BEECHER LIQUOR / DUBUQUE
5424,BEER BARN
10064,BEER CITY
6148,BEER ON FLOYD / SIOUX CITY
10193,BEER ON FLOYD / SIOUX CITY
6316,BEER THIRTY CARROLL / CARROLL
5728,BEER THIRTY DENISON
6229,BEER THIRTY STORM LAKE / STORM LAKE
4059,BELLE PLAINE COUNTRY FOOD
3782,BENDER FOODS / GUTTENBERG
3488,BENDER'S FOODS
3773,BENZ DISTRIBUTING
5263,BERNIE'S BOOZE LLC
9929,BEST CASE WINES
6328,BEST DEALS / RAYMOND
6326,BEST DEALS / WATERLOO
4343,BEST FOOD MART / DES MOINES
5098,BEST FOOD MART 3  LLC
4109,BEST TRIP
5529,BIG 10 MART
4850,BIG 10 MART
6070,BIG 10 MART #11 / DUBUQUE
6069,BIG 10 MART #12 / DUBUQUE
10121,BIG 10 MART #18 / DAVENPORT
10061,BIG 10 MART #19 / HIAWATHA
5888,BIG 10 MART #62 / BETTENDORF
5716,BIG 10 MART #69
5636,BIG DISCOUNT LIQUOR
4895,BIG DISCOUNT LIQUOR
3417,BIG G FOOD STORE
5554,BLAIRSTOWN QUICK STOP
10181,BLAIRSTOWN QUICK STOP / BLAIRSTOWN
6199,BLIND PIG COCKTAIL BODEGA WEST DES MOINES
5012,BLUEJAY MARKET
5411,BLUEJAY MARKET
6295,BOB & SCOTT'S / PRIMGHAR
6218,BOJI JUNCTION / MILFORD
10202,BOOTLEGGERS
3869,BOOTLEGGIN' BARZINI'S FIN
6035,BOOTLEGGING BARZINIS
5369,"BORMANNS NEIGHBORHOOD PITSTOP, LLC"
2448,BOTTLE BOUTIQUE
4130,"BOYD GROCERY, INC."
5241,BP  /  DUBUQUE
10120,BP / WELTON
10158,BP EXPRESS / WEST UNION
5956,BP FUEL / DUBUQUE
5958,BP FUEL / WATERLOO
6279,BP TO GO  #3 / CEDAR RAPIDS
6280,BP TO GO #1 / CEDAR RAPIDS
10067,BP TO GO #2 / CEDAR RAPIDS
6312,BP TO GO #4 / CEDAR RAPIDS
6277,BP TO GO #5 / HIAWATHA
6298,BP TO GO #6 / MARION
6179,BP TO GO - 1010  / MARION
6184,BP TO GO - 1581 / CEDAR RAPIDS
6182,BP TO GO - 250 / CEDAR RAPIDS
6172,BP TO GO / HIAWATHA
3760,BRADY MART / DAVENPORT
10138,BRADY MART / DAVENPORT
4652,BRADY MART FOOD & LIQUOR
10050,BRAVIM MART INCORPORATED / ANKENY
6230,BREW #1 WEST LAKE GENERAL STORE / STORM LAKE
10125,BREW #54 / CEDAR RAPIDS
10124,BREW #55 / CEDAR RAPIDS
10132,BREW #56 / CEDAR RAPIDS
10126,BREW #57 / CEDAR RAPIDS
10114,BREW #58 / HIAWATHA
10142,BREW #62 / DAVENPORT
10143,BREW #63 / DAVENPORT
10144,BREW #67 / DAVENPORT
10113,BREW #68 / ELDRIDGE
5431,BREW COFFEE WINE SPIRIT AND CIGARS
5800,BREW GAS COFFEE WINE SPIRITS
6180,BREW OIL #11 / BOYDEN
10149,BREW OIL #13 / ORANGE CITY
6101,BREW OIL #26 / POCAHONTAS
6099,BREW OIL #29 / EMMETSBURG
6168,BREW OIL #32 / SPENCER
6104,BREW OIL #33 / STORM LAKE
6098,BREW OIL #40 / SPENCER
6096,BREW OIL #41 / ALBERT CITY
6105,BREW OIL #42
6103,BREW OIL #50 / HARTLEY
6097,BREW OIL #51 / SANBORN
6102,BREW OIL #53 / SIBLEY
5635,"BREW, GAS, COFFEE, SPIRIT, CIGARATTE"
3728,BREWSKI'S BEVERAGE
5432,"BRICK STREET MARKET, LLC"
3045,BRITT FOOD CENTER
9010,BROADBENT DISTILLERY
9910,BROADBENT DISTILLERY
4902,BROADWAY LIQUOR
4257,BROADWAY LIQUOR
4007,BROCKMANS
5284,BROOKLYN GROCERY
6061,BROOKLYN GROCERY
10146,BROOKLYN GROCERY / BROOKLYN
5713,BROOKLYN GROCERY LIQUOR LLC
5840,BROTHER'S MARKET / CLARION
5007,BROTHER'S MARKET / DENVER
5315,BROTHER'S MARKET WINE AND SPIRITS
5316,BROTHER'S MARKET/ SIGOURNEY
5708,BROTHERS MARKET
5206,BROTHERS MARKET  /  GRUNDY CENTER
5868,BROTHERS MARKET / BLOOMFIELD
4856,BROTHERS MARKET / LISBON
4110,"BROTHERS MARKET, INC."
4171,"BROTHERS MARKET, INC. / CASCADE"
3885,BUCHANAN COUNTY LIQUOR STORE
4143,BUCKY'S
4476,BUCKY'S EXPRESS #16 / COUNCIL BLUFFS
4477,BUCKY'S EXPRESS #17 / COUNCIL BLUFFS
5158,BUCKY'S EXPRESS #19 / COUNCIL BLUFFS
5164,BUCKY'S EXPRESS #22 / COUNCIL BLUFFS
4475,BUCKY'S EXPRESS #27 / COUNCIL BLUFFS
4474,BUCKY'S EXPRESS #34 / COUNCIL BLUFFS
10135,"BUDDAS ONE STOP, LLC"
3911,"BURG SPIRITS, LLC."
4898,BURLINGTON SHELL
4030,BUY RITE FOODS
10248,BYRON MART / WATERLOO
4946,BYRON SUPERMARKET
4814,"BYRON SUPERMARKET, INC."
3735,C B LIQUOR
4849,C FRESH MARKET
5080,C'S LIQUOR STORE
4616,C'S SPENCER LIQUOR
3480,C'S SPENCER LIQUOR
4132,CAMANCHE FOOD PRIDE
4940,CAMBRIDGE COUNTRY STORE
4094,CAMPUSTOWN LIQUOR
4569,CAR-GO-EXPRESS / SUTHERLAND
4570,CARGO EXPRESS
5937,CARSTENSEN'S MEAT AND GROCERY / LAKE PARK
5095,CARTERLAKE MINI MART
5696,CASEY'S #1025 /KALONA
6082,CASEY'S #2654 / STUART
6093,CASEY'S #2741 / SIDNEY
5712,CASEY'S #2866-WATERLOO
5698,CASEY'S #3746 / GRIMES
5710,CASEY'S #3763 -WAVERLY
5697,CASEY'S #3770 - GLENWOOD
6115,CASEY'S #3920 / MOUNT PLEASANT
6214,CASEY'S #3934 / ANKENY
6299,CASEY'S #3953 / DES MOINES
6285,CASEY'S #3954 / NEWTON
6284,CASEY'S #3962 / SIOUX CITY
6219,CASEY'S #4025 / MUSCATINE
10089,CASEY'S #4306 / FAIRFIELD
10112,CASEY'S #4314 - AMES
10111,CASEY'S #4315 - AMES
10122,CASEY'S #4317 / VINTON
10155,CASEY'S #4324 / PALO
10185,CASEY'S #4367 / IOWA CITY
10187,CASEY'S #4368 / CORALVILLE
10186,CASEY'S #4369 / IOWA CITY
10091,CASEY'S #6116 / COUNCIL BLUFFS
10093,CASEY'S #6117 / COUNCIL BLUFFS
6162,CASEY'S #6117 / COUNCIL BLUFFS
6161,CASEY'S #6122 / COUNCIL BLUFFS
10095,CASEY'S #6122 / COUNCIL BLUFFS
10097,CASEY'S #6127 / COUNCIL BLUFFS
6160,CASEY'S #6127 / COUNCIL BLUFFS
10094,CASEY'S #6134 / COUNCIL BLUFFS
5412,CASEY'S GENERAL STORE # 1029/ TAMA
5256,CASEY'S GENERAL STORE # 1331/ SAC CITY
5408,CASEY'S GENERAL STORE # 1441/ MARSHALLTOWN
5331,CASEY'S GENERAL STORE # 1536/ GEORGE
5452,CASEY'S GENERAL STORE # 1591/ DECORAH
5383,CASEY'S GENERAL STORE # 1753/ NORTHWOOD
5393,CASEY'S GENERAL STORE # 1799/ OSAGE
5392,CASEY'S GENERAL STORE # 1861/ BONDURANT
5399,CASEY'S GENERAL STORE # 1876/MANLY
5391,CASEY'S GENERAL STORE # 1896/ CLEAR LAKE
5368,CASEY'S GENERAL STORE # 2169/ INDEPENDENCE
5264,CASEY'S GENERAL STORE # 2177/MITCHEL
5409,CASEY'S GENERAL STORE # 2179/ WAUKEE
5450,CASEY'S GENERAL STORE # 2211/ FORT DODGE
5420,CASEY'S GENERAL STORE # 2212/ CEDAR RAPIDS
5363,CASEY'S GENERAL STORE # 2253/ CLIVE
5398,CASEY'S GENERAL STORE # 2272/COLFAX
5275,CASEY'S GENERAL STORE # 2417/ NEWTON
5386,CASEY'S GENERAL STORE # 2494/ EAGLE GROVE
5389,CASEY'S GENERAL STORE # 2511/ CRESCO
5377,CASEY'S GENERAL STORE # 2517/ ROCKWELL CITY
5451,CASEY'S GENERAL STORE # 2527/ SHELDON
5407,CASEY'S GENERAL STORE # 2528/ WILLIAMSBURG
5378,CASEY'S GENERAL STORE # 2543/ ALBION
5279,CASEY'S GENERAL STORE # 2560/ AMES
5273,CASEY'S GENERAL STORE # 2598/ PELLA
5344,CASEY'S GENERAL STORE # 2607/ SIOUX CITY
5367,CASEY'S GENERAL STORE # 2618/ FREDRICKSBURG
5317,CASEY'S GENERAL STORE # 2653 / TOLEDO
5376,CASEY'S GENERAL STORE # 2687/ HAWARDEN
5384,CASEY'S GENERAL STORE # 2698/ PERRY
5397,CASEY'S GENERAL STORE # 2774/AMANA
5418,CASEY'S GENERAL STORE # 2780/CEDAR RAPIDS
5445,CASEY'S GENERAL STORE # 2781/ IOWA CITY
5270,CASEY'S GENERAL STORE # 2783/ URBAND
5428,CASEY'S GENERAL STORE # 2789/ CEDAR RAPIDS
5417,CASEY'S GENERAL STORE # 2792/CEDAR RAPIDS
5453,CASEY'S GENERAL STORE # 2817/ GRISWOLD
5382,CASEY'S GENERAL STORE # 2870/ ALTOONA
5406,CASEY'S GENERAL STORE # 2918/ CORALVILLE
5387,CASEY'S GENERAL STORE # 3054/ WEBSTER CITY
5276,CASEY'S GENERAL STORE # 3502/ STANTO
5332,CASEY'S GENERAL STORE # 3507/ GRIMES
5303,CASEY'S GENERAL STORE # 3508/ MARSHA
5342,CASEY'S GENERAL STORE # 3509/ CARTER LAKE
5396,CASEY'S GENERAL STORE # 3512/ INDIANOLA
5321,CASEY'S GENERAL STORE # 3513/ BELLE PLAINE
5375,CASEY'S GENERAL STORE # 3518/ DES MOINES
5355,CASEY'S GENERAL STORE # 3523/ ELDRIDGE
5381,CASEY'S GENERAL STORE # 3546/ MONONA
5356,CASEY'S GENERAL STORE # 3561/ CEDAR RAPIDS
5350,CASEY'S GENERAL STORE # 3562/ MARION
5349,CASEY'S GENERAL STORE # 3564/ ROBINS
5352,CASEY'S GENERAL STORE # 3565/ TRIPOLI
5419,CASEY'S GENERAL STORE # 3604/HINTON
5755,CASEY'S GENERAL STORE #0007 / OTTUMWA
4521,CASEY'S GENERAL STORE #1002 / GRAND
4510,CASEY'S GENERAL STORE #1007 / MALVER
5156,CASEY'S GENERAL STORE #1020  / LE CL
4607,CASEY'S GENERAL STORE #1024 / GUTTEN
5807,CASEY'S GENERAL STORE #1028 / MIDDLETOWN
4541,CASEY'S GENERAL STORE #1045 / DELMAR
4911,CASEY'S GENERAL STORE #1061 / PRINCE
5803,CASEY'S GENERAL STORE #1062 / PLEASANT HILL
5772,CASEY'S GENERAL STORE #1062 / WINTERSET
5624,CASEY'S GENERAL STORE #1065 / ASBURY
5854,CASEY'S GENERAL STORE #1068 - DAVENPORT
6009,CASEY'S GENERAL STORE #1081 / FONTANELLE
6010,CASEY'S GENERAL STORE #1084 / EVANSDALE
5059,CASEY'S GENERAL STORE #1125 / HUMEST
5896,CASEY'S GENERAL STORE #1126 / WYOMING
6049,CASEY'S GENERAL STORE #1130 / REINBECK
6001,CASEY'S GENERAL STORE #1131 / DYSART
5989,CASEY'S GENERAL STORE #1134 / GRINNELL
4524,CASEY'S GENERAL STORE #1139 / NORA S
4513,CASEY'S GENERAL STORE #1144 / POLK C
5806,CASEY'S GENERAL STORE #1159 / CORRECTIONVILLE
5790,CASEY'S GENERAL STORE #1166 / HULL
6032,CASEY'S GENERAL STORE #1167 / HOLSTEIN
5793,CASEY'S GENERAL STORE #1265 / SIBLEY
5788,CASEY'S GENERAL STORE #1277 / FORT DODGE
5558,CASEY'S GENERAL STORE #1280 / FORT DODGE
5718,CASEY'S GENERAL STORE #1303
4528,CASEY'S GENERAL STORE #1303 / MARSHA
5761,CASEY'S GENERAL STORE #1315 / ARNOLDS PARK
4499,CASEY'S GENERAL STORE #1316 / MILFOR
4811,CASEY'S GENERAL STORE #1327 / LOVILI
5996,CASEY'S GENERAL STORE #1328 / ESTHERVILLE
5762,CASEY'S GENERAL STORE #1329 / ESTHERVILLE
4573,CASEY'S GENERAL STORE #1330 / HAMBUR
4777,CASEY'S GENERAL STORE #1365 / PAULLI
5808,CASEY'S GENERAL STORE #1373 / BONDURANT
5763,CASEY'S GENERAL STORE #1374 / COLFAX
5775,CASEY'S GENERAL STORE #1378 / JESUP
4627,CASEY'S GENERAL STORE #1388 / SULLY
5582,CASEY'S GENERAL STORE #1398 / ROLAND
5974,CASEY'S GENERAL STORE #14 / CARLISLE
5170,CASEY'S GENERAL STORE #1414  / STATE
5605,CASEY'S GENERAL STORE #1416 / NEW HAMPTON
5834,CASEY'S GENERAL STORE #1417 / IOWA FALLS
5913,CASEY'S GENERAL STORE #1427 / CLEAR LAKE
6055,CASEY'S GENERAL STORE #1428 / MILO
5618,CASEY'S GENERAL STORE #1446 / LISBON
5739,CASEY'S GENERAL STORE #1455
5764,CASEY'S GENERAL STORE #1484 / MUSCATINE
4623,CASEY'S GENERAL STORE #1493 / VAN ME
5968,CASEY'S GENERAL STORE #1496 / RED OAK
5965,CASEY'S GENERAL STORE #1499 / CHARITON
5223,CASEY'S GENERAL STORE #1503 / TABOR
5217,CASEY'S GENERAL STORE #1511 / SEYMOU
5988,CASEY'S GENERAL STORE #1527 / GRINNELL
5191,CASEY'S GENERAL STORE #1534 / GUTHRI
5796,CASEY'S GENERAL STORE #1541 / WEST BEND
5833,CASEY'S GENERAL STORE #1546 / FREMONT
4725,CASEY'S GENERAL STORE #1548 / ANKENY
5489,CASEY'S GENERAL STORE #1550 / WINFIELD
6030,CASEY'S GENERAL STORE #1564 / MARSHALLTOWN
4880,CASEY'S GENERAL STORE #1567 / ANITA
4516,CASEY'S GENERAL STORE #1569 / OAKLAN
5756,CASEY'S GENERAL STORE #1577 / ALBIA
4515,CASEY'S GENERAL STORE #1588 / DOWS
6024,CASEY'S GENERAL STORE #1589 / GRUNDY CENTER
5604,CASEY'S GENERAL STORE #1599 / MT VERNON
5832,CASEY'S GENERAL STORE #1605 / HAMPTON
5779,CASEY'S GENERAL STORE #1609 / ELDON
5990,CASEY'S GENERAL STORE #1610 / KNOXVILLE
5836,CASEY'S GENERAL STORE #1612 / MOUNT PLEASANT
4653,CASEY'S GENERAL STORE #1617 / JEFFER
6014,CASEY'S GENERAL STORE #1621 / MASON CITY
5972,CASEY'S GENERAL STORE #1623 / INDIANOLA
5744,CASEY'S GENERAL STORE #1624 / WASHINGTON
5797,CASEY'S GENERAL STORE #1649 / WAVERLY
5757,CASEY'S GENERAL STORE #1651 / ALBIA
5459,CASEY'S GENERAL STORE #1653 / CORNING
5877,CASEY'S GENERAL STORE #1659 / ANKENY
5975,CASEY'S GENERAL STORE #1676 / CARLISLE
5767,CASEY'S GENERAL STORE #1678 / OTTUMWA
4929,CASEY'S GENERAL STORE #1680 / ADEL
5591,CASEY'S GENERAL STORE #1682 / OSKALOOSA
4783,CASEY'S GENERAL STORE #1684 / EMMETS
5824,CASEY'S GENERAL STORE #1695 / SOLON
5069,CASEY'S GENERAL STORE #1705 / LAKE M
4786,CASEY'S GENERAL STORE #1706 / WINTER
6051,CASEY'S GENERAL STORE #1712 / SHENANDOAH
5997,CASEY'S GENERAL STORE #1714 / FAIRFIELD
5967,CASEY'S GENERAL STORE #1728 / RED OAK
5641,CASEY'S GENERAL STORE #1729 / ARLINGTON
5928,CASEY'S GENERAL STORE #1762 / ALGONA
6059,CASEY'S GENERAL STORE #1793 / IOWA FALLS
5963,CASEY'S GENERAL STORE #1798 / FOREST CITY
5991,CASEY'S GENERAL STORE #1827 / KNOXVILLE
5831,CASEY'S GENERAL STORE #1828 / WEBSTER CITY
4537,CASEY'S GENERAL STORE #1834 / LEON
5768,CASEY'S GENERAL STORE #1886 / OTTUMWA
5748,CASEY'S GENERAL STORE #1887 / CEDAR FALLS
5601,CASEY'S GENERAL STORE #1889 / MONTICELLO
4553,CASEY'S GENERAL STORE #1892 / SHEFFI
6012,CASEY'S GENERAL STORE #1893 / MASON CITY
5992,CASEY'S GENERAL STORE #1894 / SPENCER
4544,CASEY'S GENERAL STORE #1898 / OSCEOL
6015,CASEY'S GENERAL STORE #19 / MASON CITY
5539,CASEY'S GENERAL STORE #1901 / DES MOINES
5973,CASEY'S GENERAL STORE #1908 / INDIANOLA
6007,CASEY'S GENERAL STORE #1910 / JOHNSTON
5830,CASEY'S GENERAL STORE #1911 / NEWTON
5720,CASEY'S GENERAL STORE #1921- ACKLEY
5794,CASEY'S GENERAL STORE #1922 / WALCOTT
5960,CASEY'S GENERAL STORE #1938 / ALTOONA
5590,CASEY'S GENERAL STORE #1941 / ANKENY
5817,CASEY'S GENERAL STORE #1950 / GRINNELL
4533,CASEY'S GENERAL STORE #1985 / ST. AN
5983,CASEY'S GENERAL STORE #1997 / WAUKON
5580,CASEY'S GENERAL STORE #2 / BOONE
4497,CASEY'S GENERAL STORE #20 / ALDEN
5557,CASEY'S GENERAL STORE #2014 / FORT DODGE
5825,CASEY'S GENERAL STORE #2019 / WEST BURLINGTON
5784,CASEY'S GENERAL STORE #2023 / FT MADISON
5804,CASEY'S GENERAL STORE #2030 / CLINTON
5791,CASEY'S GENERAL STORE #2060 / POCAHONTAS
5078,CASEY'S GENERAL STORE #2096 / COUNCI
5535,CASEY'S GENERAL STORE #2097 / INDIANOLA
5921,CASEY'S GENERAL STORE #2099 / CLIVE
6046,CASEY'S GENERAL STORE #2150 / WDM
5099,CASEY'S GENERAL STORE #2164 / ANKENY
5506,CASEY'S GENERAL STORE #2168 / DAVENPORT
5394,CASEY'S GENERAL STORE #2183/DECORAH
5774,CASEY'S GENERAL STORE #2185 / MANCHESTER
5966,CASEY'S GENERAL STORE #22 / CHARITON
5769,CASEY'S GENERAL STORE #2208 / OTTUMWA
5553,CASEY'S GENERAL STORE #2222 / CLINTON
5805,CASEY'S GENERAL STORE #2229 / OSAGE
4655,CASEY'S GENERAL STORE #2237 / PRAIRI
5773,CASEY'S GENERAL STORE #2239 / INDEPENDENCE
5852,CASEY'S GENERAL STORE #2256 - DEWITT
4923,CASEY'S GENERAL STORE #2270 / AURELI
4532,CASEY'S GENERAL STORE #2274 / SIOUX
5627,CASEY'S GENERAL STORE #2275 / SIOUX CITY
4738,CASEY'S GENERAL STORE #2284 / COUNCI
6044,CASEY'S GENERAL STORE #2297 / WDM
6003,CASEY'S GENERAL STORE #2298 / AMES
4621,CASEY'S GENERAL STORE #23 / MAXWELL
4651,CASEY'S GENERAL STORE #2300 / JEWELL
4656,CASEY'S GENERAL STORE #2301 / AMES
4546,CASEY'S GENERAL STORE #2303 / GLIDDE
4575,CASEY'S GENERAL STORE #2304 / SLATER
5977,CASEY'S GENERAL STORE #2305 / BELMOND
5838,CASEY'S GENERAL STORE #2306 / NEVADA
6053,CASEY'S GENERAL STORE #2307 / MELCHER-DALLAS
6021,CASEY'S GENERAL STORE #2315 / CORYDON
5062,CASEY'S GENERAL STORE #2318 / MONTRO
5783,CASEY'S GENERAL STORE #2319 / FT MADISON
5546,CASEY'S GENERAL STORE #2341 / NEWTON
5754,CASEY'S GENERAL STORE #2342 / BURLINGTON
5751,CASEY'S GENERAL STORE #2346 / BURLINGTON
5985,CASEY'S GENERAL STORE #2350 / OSKALOOSA
4571,CASEY'S GENERAL STORE #2357 / ALLISO
5082,CASEY'S GENERAL STORE #2365 / ATLANT
5986,CASEY'S GENERAL STORE #2366 / OSKALOOSA
5887,CASEY'S GENERAL STORE #2392 / JOHNSTON
4664,CASEY'S GENERAL STORE #24 / BOONE
6063,CASEY'S GENERAL STORE #2406 / PLEASANT HILL
4536,CASEY'S GENERAL STORE #2420 / DUBUQU
4535,CASEY'S GENERAL STORE #2421 / DUBUQU
5976,CASEY'S GENERAL STORE #2422 / CRESTON
4525,CASEY'S GENERAL STORE #2425 / AKRON
5770,CASEY'S GENERAL STORE #2427 / WATERLOO
4915,CASEY'S GENERAL STORE #2429 / BETTEN
5823,CASEY'S GENERAL STORE #2431 / SIOUX CENTER
6011,CASEY'S GENERAL STORE #2437 / MASON CITY
5540,CASEY'S GENERAL STORE #2447 / SERGEANT BLUFF
4838,CASEY'S GENERAL STORE #2448 / OGDEN
6017,CASEY'S GENERAL STORE #2458 / MASON CITY
5978,CASEY'S GENERAL STORE #2460 / ALGONA
6016,CASEY'S GENERAL STORE #2467 / CLARINDA
5799,CASEY'S GENERAL STORE #2472 / NICHOLS
5778,CASEY'S GENERAL STORE #2474 / HUXLEY
6033,CASEY'S GENERAL STORE #2477 / LE MARS
5568,CASEY'S GENERAL STORE #2478 / NEW SHARON
5603,CASEY'S GENERAL STORE #2480 / CHARLES CITY
5752,CASEY'S GENERAL STORE #2481 / BLOOMFIELD
5812,CASEY'S GENERAL STORE #2487 / SPIRIT LAKE
5581,CASEY'S GENERAL STORE #2488 / N ENGLISH
5079,CASEY'S GENERAL STORE #2489 / DENISO
5538,CASEY'S GENERAL STORE #2490 / STORY CITY
4832,CASEY'S GENERAL STORE #2491 / CLARIN
5785,CASEY'S GENERAL STORE #2491 / CLARINDA
4552,CASEY'S GENERAL STORE #2493 / BUFFAL
5583,CASEY'S GENERAL STORE #2498 / WAPELLO
4779,CASEY'S GENERAL STORE #25 / MOUNT AY
5789,CASEY'S GENERAL STORE #2512 / HILLS
5617,CASEY'S GENERAL STORE #2513 / NASHUA
5549,CASEY'S GENERAL STORE #2515 / DAYTON
5193,CASEY'S GENERAL STORE #2518 / LOHRVI
4985,CASEY'S GENERAL STORE #2519 / MERRIL
5615,CASEY'S GENERAL STORE #2520 / GRIMES
4753,CASEY'S GENERAL STORE #2521 / ADAIR
4522,CASEY'S GENERAL STORE #2523 / MONROE
4657,CASEY'S GENERAL STORE #2526 / WELLSB
5980,CASEY'S GENERAL STORE #2527 / SHELDON
4782,CASEY'S GENERAL STORE #2529 / LAMONI
5819,CASEY'S GENERAL STORE #2530 / ALTA
4912,CASEY'S GENERAL STORE #2531 / ELDRID
6018,CASEY'S GENERAL STORE #2532 / ELDORA
5588,CASEY'S GENERAL STORE #2533 / MARENGO
5723,CASEY'S GENERAL STORE #2538-WAUKEE
6050,CASEY'S GENERAL STORE #2539 / SHENANDOAH
5543,CASEY'S GENERAL STORE #2541 / BEDFORD
5585,CASEY'S GENERAL STORE #2544 / NEW LONDON
5541,CASEY'S GENERAL STORE #2550 / OSCEOLA
4577,CASEY'S GENERAL STORE #2551 / WOODWA
4556,CASEY'S GENERAL STORE #2552 / GOLDFI
5562,CASEY'S GENERAL STORE #2553 / REDFIELD
4873,CASEY'S GENERAL STORE #2559 / GRANGE
4585,CASEY'S GENERAL STORE #2561 / FARLEY
4523,CASEY'S GENERAL STORE #2563 / EXIRA
4530,CASEY'S GENERAL STORE #2566 / ELY
6052,CASEY'S GENERAL STORE #2568 / NORWALK
5810,CASEY'S GENERAL STORE #2576 / WHAT CHEER
5542,CASEY'S GENERAL STORE #2578 / MAQUOKETA
5919,CASEY'S GENERAL STORE #2584  / OSSIAN
5602,CASEY'S GENERAL STORE #2585 / DYERSVILLE
4578,CASEY'S GENERAL STORE #2592 / FARMIN
4548,CASEY'S GENERAL STORE #2594 / WALKER
5826,CASEY'S GENERAL STORE #2595 / KEOKUK
6002,CASEY'S GENERAL STORE #2597 / SLOAN
5809,CASEY'S GENERAL STORE #26 / PERRY
10190,CASEY'S GENERAL STORE #2608 / SIOUX CITY
5777,CASEY'S GENERAL STORE #2610 / ATLANTIC
5114,CASEY'S GENERAL STORE #2612 / MISSOU
4555,CASEY'S GENERAL STORE #2614 / DONNEL
5616,CASEY'S GENERAL STORE #2623 / FAIRBANK
5613,CASEY'S GENERAL STORE #2624 / MANCHESTER
4531,CASEY'S GENERAL STORE #2626 / AFTON
5548,CASEY'S GENERAL STORE #2628 / LAKE CITY
5811,CASEY'S GENERAL STORE #2629 / RIVERSIDE
5780,CASEY'S GENERAL STORE #2630 / CEDAR FALLS
5608,CASEY'S GENERAL STORE #2634 / EDGEWOOD
6006,CASEY'S GENERAL STORE #2635 / JOHNSTON
5827,CASEY'S GENERAL STORE #2636 / KEOKUK
5753,CASEY'S GENERAL STORE #2639 / MAYNARD
5233,CASEY'S GENERAL STORE #2640 / PLEASA
4872,CASEY'S GENERAL STORE #2644 / EARLHA
6004,CASEY'S GENERAL STORE #2659 / COLUMBUS JUNCTION
5979,CASEY'S GENERAL STORE #2665 / WOODBINE
4506,CASEY'S GENERAL STORE #2667 / TIFFIN
5792,CASEY'S GENERAL STORE #2672 / SANBORN
6064,CASEY'S GENERAL STORE #2676 / DES MOINES
4999,CASEY'S GENERAL STORE #2680 / CLARKS
5837,CASEY'S GENERAL STORE #2681 / OKOBOJI
5609,CASEY'S GENERAL STORE #2682 / OELWEIN
5216,CASEY'S GENERAL STORE #2683  /  RUNN
5850,CASEY'S GENERAL STORE #2684 - DURANT
6028,CASEY'S GENERAL STORE #2686 / FORT DODGE
5565,CASEY'S GENERAL STORE #2689 / ANKENY
5610,CASEY'S GENERAL STORE #2690 / ANAMOSA
5923,CASEY'S GENERAL STORE #2694 / PELLA
4846,CASEY'S GENERAL STORE #2697 / ONAWA
5683,CASEY'S GENERAL STORE #2697 / ONAWA
5787,CASEY'S GENERAL STORE #2699 / ESSEX
5232,CASEY'S GENERAL STORE #27  /  AUDUBO
5574,CASEY'S GENERAL STORE #2760 / MARION
4488,CASEY'S GENERAL STORE #2762 / CEDAR
4489,CASEY'S GENERAL STORE #2763 / CEDAR
5550,CASEY'S GENERAL STORE #2764 / HIAWATHA
5569,CASEY'S GENERAL STORE #2765 / CEDAR RAPIDS
4490,CASEY'S GENERAL STORE #2766 / CEDAR
4517,CASEY'S GENERAL STORE #2767 / CEDAR
5573,CASEY'S GENERAL STORE #2768 / CEDAR RAPIDS
5551,CASEY'S GENERAL STORE #2769 / WILLIAMSBURG
6056,CASEY'S GENERAL STORE #2770 / MARION
5999,CASEY'S GENERAL STORE #2771 / CEDAR RAPIDS
4491,CASEY'S GENERAL STORE #2772 / CEDAR
4492,CASEY'S GENERAL STORE #2773 / CEDAR
5570,CASEY'S GENERAL STORE #2776 / CEDAR RAPIDS
5064,CASEY'S GENERAL STORE #2777 / FAIRFA
5094,CASEY'S GENERAL STORE #2778 / CEDAR
5786,CASEY'S GENERAL STORE #2779 / CORALVILLE
5571,CASEY'S GENERAL STORE #2782 / CEDAR RAPIDS
5564,CASEY'S GENERAL STORE #2785 / ANKENY
5891,CASEY'S GENERAL STORE #2786 / DES MOINES
4487,CASEY'S GENERAL STORE #2787 / CEDAR
4500,CASEY'S GENERAL STORE #2788 / NORTH
5572,CASEY'S GENERAL STORE #2790 / CEDAR RAPIDS
5813,CASEY'S GENERAL STORE #2791 / CEDAR RAPIDS
4659,CASEY'S GENERAL STORE #2802 / CONRAD
5864,CASEY'S GENERAL STORE #2803 / VILLISCA
4934,CASEY'S GENERAL STORE #2811 / SPRING
4514,CASEY'S GENERAL STORE #2813 / FORT D
5150,CASEY'S GENERAL STORE #2815  /  VICT
4505,CASEY'S GENERAL STORE #2816 / JOHNST
5673,CASEY'S GENERAL STORE #2821 / GLADBROOK
4518,CASEY'S GENERAL STORE #2824 / WDM
5544,CASEY'S GENERAL STORE #2834 / LENOX
4785,CASEY'S GENERAL STORE #2835 / AVOCA
5822,CASEY'S GENERAL STORE #2836 / MONROE
4520,CASEY'S GENERAL STORE #2842 / HUXLEY
4551,CASEY'S GENERAL STORE #2845 / URBAND
6031,CASEY'S GENERAL STORE #2846 / MAQUOKETA
4493,CASEY'S GENERAL STORE #2850 / CEDAR
5711,CASEY'S GENERAL STORE #2864
6005,CASEY'S GENERAL STORE #2865 / CEDAR FALLS
5771,CASEY'S GENERAL STORE #2867 / WATERLOO
5620,CASEY'S GENERAL STORE #2874 / RICEVILLE
4508,CASEY'S GENERAL STORE #2877 / SPENCE
6039,CASEY'S GENERAL STORE #2879 / WATERLOO
6038,CASEY'S GENERAL STORE #2880 / WATERLOO
5776,CASEY'S GENERAL STORE #2890 / WEST LIBERTY
5556,CASEY'S GENERAL STORE #2891 / FORT DODGE
5818,CASEY'S GENERAL STORE #2894 / INDIANOLA
4665,CASEY'S GENERAL STORE #2896 / ANKENY
5781,CASEY'S GENERAL STORE #2898 / CLARENCE
4792,CASEY'S GENERAL STORE #2899 / DE SOT
5202,CASEY'S GENERAL STORE #2900 / GILBER
4507,CASEY'S GENERAL STORE #2902 / SPENCE
5552,CASEY'S GENERAL STORE #2905 / AMES
5765,CASEY'S GENERAL STORE #2906 / MUSCATINE
5611,CASEY'S GENERAL STORE #2908 / ANAMOSA
4549,CASEY'S GENERAL STORE #2913 / COLO
4560,CASEY'S GENERAL STORE #2914 / HARLAN
4540,CASEY'S GENERAL STORE #2915 / BELLEV
5816,CASEY'S GENERAL STORE #2916 / ALTOONA
5575,CASEY'S GENERAL STORE #2919 / MARION
5750,CASEY'S GENERAL STORE #2920 / ANKENY
4519,CASEY'S GENERAL STORE #2923 / WDM
4543,CASEY'S GENERAL STORE #2924 / MARION
5766,CASEY'S GENERAL STORE #2944 / MUSCATINE
4562,CASEY'S GENERAL STORE #2989 / MECHAN
4610,CASEY'S GENERAL STORE #2992 / FONDA
4542,CASEY'S GENERAL STORE #2994 / LAUREN
4527,CASEY'S GENERAL STORE #30 / GILMORE
5630,CASEY'S GENERAL STORE #3009 / SIOUX CITY
5547,CASEY'S GENERAL STORE #3024 / MEDIAPOLIS
5749,CASEY'S GENERAL STORE #3025 / CARROLL
4882,CASEY'S GENERAL STORE #3026 / ST CHA
4658,CASEY'S GENERAL STORE #3027 / IOWA F
4854,CASEY'S GENERAL STORE #3029 / ARMSTR
4778,CASEY'S GENERAL STORE #3030 / STORM
6025,CASEY'S GENERAL STORE #3030 / STORM LAKE
4463,CASEY'S GENERAL STORE #3031 / GARNER
5964,CASEY'S GENERAL STORE #3032 / CHARITON
4774,CASEY'S GENERAL STORE #3034 / ESTHER
5081,CASEY'S GENERAL STORE #3035 / ATLANT
5746,CASEY'S GENERAL STORE #3037 / CHEROKEE
5619,CASEY'S GENERAL STORE #3041 / ELK RUN HEIGHTS
4968,CASEY'S GENERAL STORE #3042 / BROOKL
4780,CASEY'S GENERAL STORE #3043 / BRITT
5622,CASEY'S GENERAL STORE #3044 / SHELDON
4590,CASEY'S GENERAL STORE #3045 / CEDAR
4608,CASEY'S GENERAL STORE #3050 / COUNCI
4591,CASEY'S GENERAL STORE #3052 / CLARIO
4495,CASEY'S GENERAL STORE #3055 / GRUNDY
4767,CASEY'S GENERAL STORE #3075 / ANKENY
4663,CASEY'S GENERAL STORE #3077 / PEOSTA
4781,CASEY'S GENERAL STORE #3079 / EARLY
4770,CASEY'S GENERAL STORE #3080 / HUDSON
5563,CASEY'S GENERAL STORE #3082 / CARROLL
4893,CASEY'S GENERAL STORE #3098 / WDM
5561,CASEY'S GENERAL STORE #32 / MADRID
4855,CASEY'S GENERAL STORE #3200 / STRAWB
5747,CASEY'S GENERAL STORE #3201 / COUNCIL BLUFFS
5044,CASEY'S GENERAL STORE #3202 / CRESCE
5195,CASEY'S GENERAL STORE #3203 / COUNCI
5177,CASEY'S GENERAL STORE #3204 / MINDEN
5035,CASEY'S GENERAL STORE #3205 / COUNCI
4890,CASEY'S GENERAL STORE #3210 / URBAND
4825,CASEY'S GENERAL STORE #3212 / OSCEOL
4822,CASEY'S GENERAL STORE #3214 / OSKALO
5984,CASEY'S GENERAL STORE #3214 / OSKALOOSA
4821,CASEY'S GENERAL STORE #3215 / OSKALO
4817,CASEY'S GENERAL STORE #3217 / KNOXVI
5052,CASEY'S GENERAL STORE #3220 / GREENF
4823,CASEY'S GENERAL STORE #3223 / CRESTO
4824,CASEY'S GENERAL STORE #3224 / CRESTO
4826,CASEY'S GENERAL STORE #3226 / ALBIA
4828,CASEY'S GENERAL STORE #3228 / MARSHA
4816,CASEY'S GENERAL STORE #3232 / SHENAN
4954,CASEY'S GENERAL STORE #3244 / URBAND
5981,CASEY'S GENERAL STORE #3244 / URBANDALE
4930,CASEY'S GENERAL STORE #3251 / BOONE
4529,CASEY'S GENERAL STORE #3262 / BUFFAL
5969,CASEY'S GENERAL STORE #3288 / BLUE GRASS
5738,CASEY'S GENERAL STORE #3291
5745,CASEY'S GENERAL STORE #3292
5477,CASEY'S GENERAL STORE #3293 / MARQUETTE
5607,CASEY'S GENERAL STORE #3294 / URBANA
5041,CASEY'S GENERAL STORE #3309 / MONTEZ
5000,CASEY'S GENERAL STORE #3319 / NEVADA
4989,CASEY'S GENERAL STORE #3322 / IOWA C
5743,CASEY'S GENERAL STORE #3327 / FAIRFIELD
6037,CASEY'S GENERAL STORE #3332 / MURRAY
5640,CASEY'S GENERAL STORE #3371 / NEW HARTFORD
5061,CASEY'S GENERAL STORE #3382 / CEDAR
5039,CASEY'S GENERAL STORE #3384 / SOLON
5480,CASEY'S GENERAL STORE #3385 / ORANGE CITY
5993,CASEY'S GENERAL STORE #3396 / SIGOURNEY
5109,CASEY'S GENERAL STORE #3404 / CARLIS
5141,CASEY'S GENERAL STORE #3418 / GOWRIE
5229,CASEY'S GENERAL STORE #3422 / NORWAL
5181,CASEY'S GENERAL STORE #3434  /  DENV
5884,CASEY'S GENERAL STORE #3439 / LIME SPRINGS
5184,CASEY'S GENERAL STORE #3440 / CAMANC
5120,CASEY'S GENERAL STORE #3442 / MAPLET
5576,CASEY'S GENERAL STORE #3449 / WAPELLO
5186,CASEY'S GENERAL STORE #3452 / WEST U
5240,CASEY'S GENERAL STORE #3463 / WEST B
5234,CASEY'S GENERAL STORE #3473 / DUBUQU
5246,CASEY'S GENERAL STORE #3476 / FOREST
5798,CASEY'S GENERAL STORE #3528 / WASHINGTON
5479,CASEY'S GENERAL STORE #3534 / CLERMONT
5502,CASEY'S GENERAL STORE #3566 / PELLA
5478,CASEY'S GENERAL STORE #3587 / BURLINGTON
5782,CASEY'S GENERAL STORE #3606
5484,CASEY'S GENERAL STORE #3610 / CEDAR FALLS
5497,CASEY'S GENERAL STORE #3617 / GRINNELL
5512,CASEY'S GENERAL STORE #3639 / POSTVILLE
5521,CASEY'S GENERAL STORE #3640 / WAUKEE
5821,CASEY'S GENERAL STORE #3645 / LONE TREE
5519,CASEY'S GENERAL STORE #3648 / AKRON
5522,CASEY'S GENERAL STORE #3653 / GREENE
5534,CASEY'S GENERAL STORE #3674 / SIOUX CITY
5659,CASEY'S GENERAL STORE #3679 / STORM LAKE
4775,CASEY'S GENERAL STORE #37 / DAKOTA C
5658,CASEY'S GENERAL STORE #3717 / VINTON
5802,CASEY'S GENERAL STORE #3718 / PLEASANT HILL
5687,CASEY'S GENERAL STORE #3756 / CEDAR RAPIDS
5638,CASEY'S GENERAL STORE #3757 / IDA GROVE
5724,CASEY'S GENERAL STORE #3772
5717,CASEY'S GENERAL STORE #3789
4503,CASEY'S GENERAL STORE #38 / TREYNOR
5844,CASEY'S GENERAL STORE #3826 - ADEL
5845,CASEY'S GENERAL STORE #3827- ANKENY
5829,CASEY'S GENERAL STORE #3858 - IOWA CITY
5893,CASEY'S GENERAL STORE #3880 / WATERLOO
6019,CASEY'S GENERAL STORE #3888 / ANKENY
5922,CASEY'S GENERAL STORE #3896 / CENTER POINT
5950,CASEY'S GENERAL STORE #3898 / ANAMOSA
5945,CASEY'S GENERAL STORE #3899 / CEDAR RAPIDS
5951,CASEY'S GENERAL STORE #3900 / RIVERSIDE
6043,CASEY'S GENERAL STORE #3904 / MANNING
5935,CASEY'S GENERAL STORE #3932 / URBANDALE
5987,CASEY'S GENERAL STORE #3955 / NORTH LIBERTY
6170,CASEY'S GENERAL STORE #4 / DES MOINES
4539,CASEY'S GENERAL STORE #40 / SCRANTON
5759,CASEY'S GENERAL STORE #42 / WELLMAN
5664,CASEY'S GENERAL STORE #45 / DES MOINES
6029,CASEY'S GENERAL STORE #50 / MOVILLE
5758,CASEY'S GENERAL STORE #51 / HUMBOLDT
5835,CASEY'S GENERAL STORE #55 / MARCUS
5820,CASEY'S GENERAL STORE #57 / EDDYVILLE
5760,CASEY'S GENERAL STORE #5760 / TIPTON
5982,CASEY'S GENERAL STORE #6 / ALTOONA
5795,CASEY'S GENERAL STORE #61 / WILTON
6163,CASEY'S GENERAL STORE #6116 / COUNCIL BLUFFS
6159,CASEY'S GENERAL STORE #6134 / COUNCIL BLUFFS
5962,CASEY'S GENERAL STORE #62 / POMEROY
5961,CASEY'S GENERAL STORE #63 / ROCK RAPIDS
5612,CASEY'S GENERAL STORE #66 / LAPORTE CITY
5885,CASEY'S GENERAL STORE #67 / SUMNER
5639,CASEY'S GENERAL STORE #68 / ALTON
5851,CASEY'S GENERAL STORE #74 - MORNING SUN
5183,CASEY'S GENERAL STORE #77  /  CASCAD
5545,CASEY'S GENERAL STORE #91 / DALLAS CENTER
4473,CASEY'S GENERAL STORE #92 / PANORA
5467,CASEY'S GENERAL STORE #95 / DEXTER
5801,CASEY'S GENERAL STORE -CENTER POINT
5125,CASH SAVER  /  E EUCLID AVE
5129,CASH SAVER  /  FLEUR
6118,CASH SAVER #33 / DES MOINES
6126,CASH SAVER #34 / DES MOINES
5637,CATFISH CHARLIE'S
9034,CATS EYE DISTILLERY LLC
9934,"CATS EYE DISTILLERY, LLC"
4808,CB QUICK STOP / COUNCIL BLUFFS
5944,CEDAR RAPIDS BP
9901,CEDAR RIDGE
9001,CEDAR RIDGE VINEYARDS
3704,CELTICS BEVERAGE COMPANY
5828,CENEX - HAMPTON
4955,CENEX AMPRIDE
4771,CENEX GAS STATION
4439,CENTER POINT FOODS
4829,CENTRAL CITY 2
2190,"CENTRAL CITY LIQUOR, INC."
5320,CENTRAL GROCERY
5083,CENTRAL MART
5045,CENTRAL MART / HAMILTON BLVD
4606,CENTRAL MART / SIOUX CITY
4976,CENTRAL MART / SIOUX CITY
5086,"CENTRAL MART I, LLC."
3813,CGI FOODS
4720,CHARITON BP
2498,CHARLEY'S QUIK SHOP
3820,"CHARLIE'S WINE AND SPIRITS,"
4602,CHEAP SMOKES / BEER CITY
6080,CHEEMA GAS AND LIQUORS / NEW SHARON
3761,CHEESE'S FOOD CENTER
5469,CHROME TRUCK STOP
4099,CHUBBYS LIQUOR
3542,CHUCK'S SPORTSMANS BEVERAGE
3906,CIGARETTE OUTLET #17 / BURLINGTON
4174,CIGARETTE OUTLET #3 / FT MADISON
4296,CIRCLE B MARKET
6085,CIRCLE K #22654122 / BOONE
6084,CIRCLE K #22654123 / BOONE
6089,CIRCLE K #22654124 / PERRY
6090,CIRCLE K #22654125 / PERRY
4468,CIRCLE K #6600 / MUSCATINE
4424,CIRCLE K #6601 / BURLINGTON
4480,CIRCLE K #6602 / CLINTON
4859,CIRCLE K #6604 / BURLINGTON
6081,CIRCLE K / WDM
4888,CIRCLE S BLUFF STOP
5065,CIRCLE S GORDON DRIVE
4994,CITY FOODS
5402,CITY LIQUOR
5934,CITY LIQUOR / IOWA CITY
4095,CITY LIQUOR AND TOBACCO / WATERLOO
5936,CJ'S CONVENIENCE STORE / ELKADER
3056,CLARION SUPER VALU II
3852,CLARK OF CEDAR RAPIDS
3635,CLARK'S FOOD MART / OGDEN
5365,"CLARKSVILLE HOMETOWN GROCERY, INC."
4668,CLEAR LAKE PAYLESS FOODS
5401,CLINTON GAS & MART
4864,CLINTON LIQUOR & CONVENIENCE STORE
10233,COALVILLE STOP N SHOP / FORT DODGE
5215,CODY MART
5093,CODY MART
5656,CODY MART GAS & LIQUOR
10081,COLFAX TRAVEL CENTER / COLFAX
6251,COLFAX-TRAVEL CENTER
6321,COLONY POINT FUEL & GAS - WILLIAMSBURG
5643,CONOCO / LE GRAND
5053,CORK & BOTTLE / IOWA CITY
5054,CORK 'N BOTTLE / MANCHESTER
3352,CORK 'N' BOTTLE
4262,CORK AND BOTTLE / CARROLL
3990,CORK AND BOTTLE / OSKALOOSA
4277,CORK IT!
6127,CORNER MART / MARION
6047,CORNER STOP / WASHINGTON
5328,CORNERSTONE APOTHECARY
6315,CORNERSTONE APOTHECARY / MARENGO
4112,CORRIDOR VENTURES
5119,CORWITH FARM SERVICE
5626,CORWITH FARM SERVICE
4677,COSTCO WHOLESALE #1111 / CORALVILLE
5666,COSTCO WHOLESALE #1325 / DAVENPORT
10074,COSTCO WHOLESALE #1630 / ANKENY
3814,COSTCO WHOLESALE #788
5056,COUNCIL BLUFFS SINCLAIR
10045,COUNTRY FOODS / BELLE PLAINE
6042,COUNTRYSIDE MARKET / MINDEN
3908,COUNTY MARKET #214 / FORT MADISON
4841,COZY MART
4833,CRAZY MARY'S LICKER
5111,CREEKSIDE MARKET
2353,CRESCO LIQUOR STORE
6120,CRESCO MART
10209,CRESTON LIQUORS / CRESTON
10141,CROSSROADS / HAMPTON
5278,CROSSROADS FO SPENCER
5266,CROSSROADS OF ALBERT CITY
5310,CROSSROADS OF ALGONA
5308,CROSSROADS OF HAMPTON
5285,CROSSROADS OF HUMBOLDT
5304,CROSSROADS OF SAC CITY
5362,CROSSROADS WINE & SPIRITS LLC
4307,CROSSROADS WINE AND LIQUOR
10183,CROWN LIQUOR & SMOKE / IOWA CITY
10101,CUBBY'S ODEBOLT / ODEBOLT
5277,CUBBY'S ONAWA
4643,CUBBY'S RED OAK
5076,CUBBY'S SIOUX CITY
5103,CURRY'S EXPRESS MART
2850,CVS / PHARMACY #10161 / DES MOINES
2851,CVS / PHARMACY #10282 / FORT DODGE
2854,CVS / PHARMACY #10480 / URBANDALE
10066,CVS / PHARMACY #8539 / IOWA CITY
2847,CVS PHARMACY #10032 / MARION
2848,CVS PHARMACY #10114 / ANKENY
2849,CVS PHARMACY #10162 / DES MOINES
2852,CVS PHARMACY #10329 / MERLE HAY
2853,CVS PHARMACY #10452  /  AMES
2845,CVS PHARMACY #4816 / COUNCIL BLUFFS
2846,CVS PHARMACY #8443 / CEDAR RAPIDS
2843,CVS PHARMACY #8526 / CEDAR RAPIDS
2841,CVS PHARMACY #8532 / CEDAR RAPIDS
2835,CVS PHARMACY #8538 / CEDAR FALLS
2837,CVS PHARMACY #8544 / WATERLOO
2836,CVS PHARMACY #8546 / WATERLOO
2844,CVS PHARMACY #8547 / IOWA CITY
2840,CVS PHARMACY #8633 / BETTENDORF
2838,CVS PHARMACY #8658 / DAVENPORT
2839,CVS PHARMACY #8659 / DAVENPORT
4129,CYCLONE LIQUORS
4534,D & B FOODS
3909,D AND S GROCERY
5929,D&T'S / ODEBOLT
2964,DAHL'S / ANKENY
2955,DAHL'S / BEAVER
2963,DAHL'S / CLIVE
2958,DAHL'S / E 33RD
2953,DAHL'S / E. EUCLID
2961,DAHL'S / EP TRUE / WDM
2956,DAHL'S / FLEUR DR
2951,DAHL'S / HICKMAN
2954,DAHL'S / INGERSOLL
2962,DAHL'S / JOHNSTON
2959,DAHL'S / MERLE HAY
2960,DAHL'S / WDM
4340,DAHL'S FOODS / AMES
6313,DANNYS TOBACCO & LIQUOR / GUTTENBERG
6166,DANNYS TOBACCO & LIQUOR / GUTTENBERG
9936,DASH EVENTS LLC
6289,DASHMART / URBANDALE
10116,DAVIDS FOODS / LAKE MILLS
6225,DAY BREAK / WHEATLAND
4324,DAYTON COMMUNITY GROCERY
4818,DECORAH MART
9919,DEHNER DISTILLERY
5416,DEPOT LIQUOR & GROCERY
6204,DEPOT LIQUOR & GROCERY / MARSHALLTOWN
5594,DEPOT NORWAY
4170,DEWEY'S JACK AND JILL
5298,DEWITT TRAVEL MART
5496,DHAKALS LLC
10085,DIAMOND SPIRIT TOBACCO AND VAPE / CHARLES CITY
3554,DICK'S BEVERAGE DEPOT
2205,DING'S HONK AND HOLLER
5210,DING'S HONK'N HOLLER
3832,DIRECT LIQUOR / ALVORD
5254,DISCOUNT LIQUOR
4297,DISCOUNT LIQUOR / CEDAR RAPIDS
3652,DISCOUNT LIQUORS OF IDA GROVE
4894,DISCOUNT TOBACCO AND MORE / DAVENPOR
5329,DIVA & TEJ GAS & FOOD
10096,DIVISION MART / DAVENPORT
10207,DOC'S LIQUOR / ROCK VALLEY
5212,DON LIQUOR & TOBACCO
5133,DON'S FOOD CENTER
4871,DONAHUE'S ONE STOP
5742,DONAHUE'S ONE STOP
2178,"DOUBLE ""D"" LIQUOR STORE"
6108,DOUBLE D LIQUOR STORE / WAUKON
5351,DOWNTOWN LIQUOR
4997,DOWNTOWN PANTRY
4304,DOWNTOWN PANTRY / DES MOINES
6155,DOWNTOWN SINCLAIR / FORT DODGE
4839,DS SERVICES LLC
6195,DT LIQUOR LLC / DEWITT
10028,DUAL STOP CARTER LAKE / CARTER LAKE
6207,DUBUQUE TOBACCO & GROCERY / DUBUQUE
6132,DUBUQUE WINE & SPIRITS
2152,DUGANS SUPERMARKET
4995,DURANT STREET C-STORE
3962,DURANT STREET COUNTRY STOP
10249,DUTCHMART FOODS / ORANGE CITY
5272,DYERSVILLE LIQUOR MART
4592,DYNO'S #29 / EMMETSBURG
5688,DYNO'S #40 / SPENCER
5689,DYNO'S #41 / ALBERT CITY
5690,DYNO'S #42 / SAC CITY
4589,DYNO'S #53 / SIBLEY
4485,DYNO'S 51 / SANBORN
3783,DYNO'S WINE AND SPIRITS / POCAHONTAS
3855,DYNO'S WINE AND SPIRITS / STORM LAKE
3774,EAGLE COUNTRY MARKET / DUBUQUE
5566,EAST END LIQUOR & TOBACCO
6129,EAST END LIQUOR / DES MOINES
5930,EAST POST RD BP
5524,EAST SIDE LIQUOR & GROCERY
5346,EAST SIDE LIQUOR & GROCERY
6206,EAST SIDE LIQUOR & GROCERY / MARSHALLTOWN
5166,EAST SIDE LIQUOR AND GROCERIES
5250,EAST SIDE LIQUOR AND TOBACCO
4942,EAST VILLAGE PANTRY
10100,EASTSIDE LIQUOR AND GROCERY / MARSHALLTOWN
5623,EASYGO
10214,EASYGO LIQUOR / WEST DES MOINES
3403,ECON-O-MART / COLUMBUS JUNCTION
5939,EDDY'S LIQUORS / ALTA
4293,EDDYVILLE MARKET AND DELI L
6027,EDDYVILLE TRAVEL PLAZA BP
5726,EHLINGER'S VINTON EXPRESS
5814,EICHMAN ENTERPRISES INC / SAGEVILLE
6234,EL VALLE TIENDA Y CARNICERIA / EAGLE GROVE
4943,ELDON KWIK SHOP
5910,ELDRIDGE MART
5476,ELDRIDGE MART
5901,ELDRIDGE MART
10044,ELKADER FAST TRAK / ELKADER
10199,ELKADER PIT STOP / ELKADER
10042,ELKADER PRONTO MARKET / ELKADER
4232,"ELLIOTT'S GENERAL STORE,"
4769,ELMA LOCKER AND GROCERY
3615,EMMETSBURG FOOD PRIDE
5008,EMMETSBURG FOOD PRIDE
10033,EMPIRE LIQUOR AND TOBACCO / HIAWATHA
10192,ENGEN EXPRESS / RIDGEWAY
10068,ESSENTIALS PLUS / CLINTON
5335,EXPO LIQUOR
4164,EXPO MART / BETTENDORF
5725,EXPRESS LANE GAS & FOOD MART #79
5508,EXPRESS MART
5336,EXPRESS MART
10072,EXPRESS MART / MUSCATINE
4757,EZ MART / BONDURANT
4630,EZ STOP / DAVENPORT
5909,EZ STOP 1 / DUBUQUE
5857,EZ STOP II - DUBUQUE
3648,FAIRBANK FOOD CENTER
5875,FAIRBANK FOOD CENTER / FAIRBANK
5676,FAMILY PANTRY
3778,FAMILY PANTRY
5003,FAMOUS LIQUORS
4072,FAMOUS LIQUORS
5734,FAREWAY #193
5307,FAREWAY STORE # 167/JOHNSTON
4182,FAREWAY STORES #008 / DYERSVILLE
4258,FAREWAY STORES #009 / BURLINGTON
4197,FAREWAY STORES #014 / SERGEANT BLUFF
4149,FAREWAY STORES #015 / DENISON
4200,FAREWAY STORES #019 / SIOUX CITY
4248,FAREWAY STORES #021 / SHELDON
4201,FAREWAY STORES #022 / SIOUX CITY
4204,FAREWAY STORES #025 / CLINTON
4160,FAREWAY STORES #034 / IOWA CITY
4192,FAREWAY STORES #044 / BETTENDORF
4249,FAREWAY STORES #048 / CLARINDA
4154,FAREWAY STORES #055 / HIAWATHA
4255,FAREWAY STORES #058 / ORANGE CITY
4084,FAREWAY STORES #061 / ANKENY
4289,FAREWAY STORES #062 / WAUKON
4153,FAREWAY STORES #067 / EVANSDALE
4159,FAREWAY STORES #073 / COUNCIL BLUFFS
4092,FAREWAY STORES #077 / NORWALK
4103,FAREWAY STORES #093 / AMES
4230,FAREWAY STORES #106 / CLIVE
4334,FAREWAY STORES #114 / DUBUQUE
4678,FAREWAY STORES #124 / ADEL
4901,FAREWAY STORES #137 / POLK CITY
4971,FAREWAY STORES #138 / PLEASANT HILL
5050,FAREWAY STORES #147 / CARLISLE
5097,FAREWAY STORES #151 / CEDAR RAPIDS
5146,FAREWAY STORES #153  /  W DES MOINES
5135,FAREWAY STORES #155 / HUXLEY
5333,FAREWAY STORES #166/ ANAMOSA
5359,FAREWAY STORES #168/ PEOSTA
5448,FAREWAY STORES #177/ FORT MADISON
5533,FAREWAY STORES #183 / FLEUR
5648,FAREWAY STORES #189 / AMES
5685,FAREWAY STORES #190 / CEDAR FALLS
6117,FAREWAY STORES #212 / COLFAX
4107,FAREWAY STORES #384 / BOONE
4102,FAREWAY STORES #386 / AMES
4235,FAREWAY STORES #395 / WEBSTER CITY
4272,FAREWAY STORES #407 / ESTERVILLE
4158,FAREWAY STORES #409 / CARROLL
4156,FAREWAY STORES #412 / OELWEIN
4105,FAREWAY STORES #426 / NEVADA
4163,FAREWAY STORES #461 / STORM LAKE
4228,FAREWAY STORES #462 / VINTON
4205,FAREWAY STORES #467 / MARSHALLTOWN
4320,FAREWAY STORES #470 / PERRY
4148,FAREWAY STORES #479 / INDEPENDENCE
4104,FAREWAY STORES #491 / MASON CITY
4321,FAREWAY STORES #501 / CHARLES CITY
4310,FAREWAY STORES #502 / CHEROKEE
4311,FAREWAY STORES #508 / FORT DODGE
4268,FAREWAY STORES #531 / ALGONA
4236,FAREWAY STORES #551 / EAGLE GROVE
4315,FAREWAY STORES #554 / WASHINGTON
4284,FAREWAY STORES #559 / IOWA FALLS
4146,FAREWAY STORES #561 / WAVERLY
4183,FAREWAY STORES #589 / DECORAH
4189,FAREWAY STORES #594 / MANCHESTER
4291,FAREWAY STORES #597 / CRESTON
4300,FAREWAY STORES #625 / OSKALOOSA
4051,FAREWAY STORES #639 / MAQUOKETA
4069,FAREWAY STORES #648 / OTTUMWA
4138,FAREWAY STORES #657 / INDIANOLA
4253,FAREWAY STORES #683 / WINTERSET
4260,FAREWAY STORES #699 / OSCEOLA
4319,FAREWAY STORES #703 / HUMBOLT
4091,FAREWAY STORES #705 / CLEAR LAKE
4231,FAREWAY STORES #719 / LE MARS
4185,FAREWAY STORES #737 / GRINNELL
4234,FAREWAY STORES #788 / SPENCER
4229,FAREWAY STORES #790 / HARLAN
4195,FAREWAY STORES #792 / TOLEDO
4233,FAREWAY STORES #815 / CRESCO
4271,FAREWAY STORES #827 / CENTERVILLE
4202,FAREWAY STORES #829 / SIOUX CITY
4252,FAREWAY STORES #840 / MONTICELLO
4318,FAREWAY STORES #841 / RED OAK
4194,FAREWAY STORES #848 / NEWTON
4254,FAREWAY STORES #849 / EMMETSBURG
4239,FAREWAY STORES #850 / SPIRIT LAKE
4247,FAREWAY STORES #879 / BELMOND
4250,FAREWAY STORES #882 / ELDORA
4190,FAREWAY STORES #888 / JEFFERSON
4140,FAREWAY STORES #900 / EUCLID
4547,FAREWAY STORES #902 / HAMPTON
4083,FAREWAY STORES #909 / ANKENY
4256,FAREWAY STORES #912 / SIOUX CENTER
4285,FAREWAY STORES #922 / NEW HAMPTON
4135,FAREWAY STORES #925 / ALTOONA
4131,FAREWAY STORES #933 / URBANDALE
4246,FAREWAY STORES #938 / SHENANDOAH
4313,FAREWAY STORES #940 / ATLANTIC
4317,FAREWAY STORES #941 / GREENFIELD
4155,FAREWAY STORES #949 / MARION
4161,FAREWAY STORES #950 / IOWA CITY
4150,FAREWAY STORES #951 / WATERLOO
4162,FAREWAY STORES #963 / CEDAR RAPIDS
4147,FAREWAY STORES #974 / CEDAR FALLS
4141,FAREWAY STORES #975 / SE 22ND / DSM
4275,FAREWAY STORES #980 / KNOXVILLE
4136,FAREWAY STORES #983 / GRIMES
4196,FAREWAY STORES #987 / DAVENPORT
4137,FAREWAY STORES #989 / WAUKEE
4157,FAREWAY STORES #993 / NORTH LIBERTY
4191,FAREWAY STORES #995 / PELLA
4184,FAREWAY STORES #998 / MUSCATINE
10073,FAREWAY STORES INC #229 / ODGEN
6262,"FAREWAY STORES, INC. #222 / ROCKWELL CITY"
6323,"FAREWAY STORES, INC. #225 / DES MOINES"
10134,"FAREWAY STORES, INC. #232 / WEST DES MOINES"
10177,"FAREWAY STORES, INC. #233 / CLIVE"
10115,"FAREWAY STORES, INC. #236 / BONDURANT"
10241,"FAREWAY STORES, INC. #237 / LE CLAIRE"
5500,FARM FRESH FOOD TOWN &LIQUOR
5518,FARM FRESH FOODTOWN & LIQUOR
5305,FAS MART # 5150/ CEDAR RAPIDS
5306,FAS MART # 5159/ DUBUQUE
10174,FAS MART #5149 / CEDAR RAPIDS
10137,FAS MART #551 / GLENWOOD
10140,FAS MART #552 / COUNCIL BLUFFS
10139,FAS MART #553 / COUNCIL BLUFFS
4984,FAST AVE ONE STOP
6067,FAST AVE ONE STOP / MUSCATINE
4012,FAST MART
4332,FAST MART / UNIVERSITY AVE
4773,"FAST MART 2, LLC"
4889,FAST TRIP / DES MOINES
10254,FASTLAND LLC / BURLINGTON
5032,FASTMART
4991,FASTTRAK
5274,FCA KINGSLEY C-STORE
4545,FILL R UP
5515,FINE LIQUOR & TOBACCO
10176,FIRE AND SALT CO - CORNING LLC
5318,FIRST STOP BEVERAGE SHOP
5684,FIVE CORNERS LIQUOR & WINE
4958,FIVE CORNERS LIQUOR & WINE
4080,FIVE CORNERS LIQUOR AND WIN
4050,FIVE STAR SNACKS AND LIQUOR
4036,FIVE STAR SNACKS AND MORE
5227,FLAMING HOT FISH AND CHICKEN LLC
5695,FLASHMART  #105
5686,FLASHMART #101 / WDM
5699,FLASHMART #102 /PERRY
5700,FLASHMART #103/PERRY
5694,FLASHMART #104
5117,FOOD & GAS MART  /  MARSHALLTOWN
4152,FOOD LAND SUPER MARKETS / MISSOURI V
4000,FOODLAND SUPER MARKETS / WOODBINE
2233,FORBES LIQUOR LOCKER / REMI
10240,FORBES MEAT / SPIRIT LAKE
4115,FOREST MARKET CONVENIENCE
5026,FORREST HOMETOWN MARKET
5899,FORT DODGE SMOKE SHOP
4793,FORT MADISON FAST BREAK
5706,FORT MADISON LIQUOR & TOBACCO OUTLET PLUS
6258,FORT MADISON TOBACCO AND LIQUOR OUTLET PLUS / FORT MADISON
9039,FOUNDRY DISTILLING COMPANY
3642,FRAISE FOODS / SONNY'S SUPERMARKET
3679,FRANKLIN STREET FLORAL & GIFT
3688,FREDERICKSBURG FOOD CENTER
5925,FREDRICKSBURG FOOD CENTER
4067,FREEMAN FOODS
5252,FREEMAN FOODS OF NORTH ENGLISH
5343,FROHLICH'S SUPER VALU
6077,G CORNER / CEDAR FALLS
5259,GAMEDAY LIQUOR
5357,GAMEDAY LIQUOR/ ORANGE CITY
10043,GARNAVILLO SPEEDE SHOPPE / GARNAVILLO
5892,GARNER FOODS / FT MADISON
5213,GARNER ONE STOP
3829,GARY'S FOODS / MT VERNON
5171,GARY'S LIQUOR & WINE LTD
5049,GAS N GO  /  WAVERLY
4897,GASLAND #102 / BURLINGTON
4043,GASLAND #102 / BURLINGTON
4752,GASLAND / BURLINGTON
5163,GASLAND EXPRESS  /  MT PLEASANT
5218,GASLAND EXPRESS / CHARITON
5221,GASLAND EXPRESS / CORYDON
5680,GASLAND N8TH ST / BURLINGTON
6125,GATEWAY MART / CLINTON
4638,GD XPRESS / DAVENPORT
3536,GENO'S LIQUOR
5236,"GIGGLE JUICE LIQUOR STATION, LLC"
4806,GIRI'S LIQUOR STORE / WEST LIBERTY
5595,GIT-N-GO #47 / ALTOONA
5205,GLIDDEN GROCERY
5260,GM FOOD MART
6286,GM FOOD MART / MUSCATINE
10127,GM FOOD MART / MUSCATINE
5871,GM MART / IOWA CITY
5261,GM MINI MART
5902,GM MINIMART / MUSCATINE
5403,GOLDEN MART
3943,GOOD AND QUICK CO
4177,"GOOD LUCK, INC."
10194,GOODSTOP BY CASEY'S #4313 / ELDORA
5719,GOPUFF
5927,GOPUFF / AMES
5679,GOPUFF / AMES
5926,GOPUFF / IOWA CITY
6196,GOPUFF / NORTH LIBERTY
5955,GOWRIE GROCERY
4899,GRAETTINGER MARKET
4337,GRAND FALLS CASINO RESORT
5593,GRANDVIEW MART
5437,GREAT PASTIMES
3495,GREAT PASTIMES
5130,GREAT RIVER BREWERY
3994,GREAT SPIRITS WINE & LIQUOR CO.
5475,GREAT WALL
9937,"GREEN FROG DISTILLERY, LLC"
9037,"GREEN FROG DISTILLERY, LLC"
4070,GRIEDER BEVERAGE DEPOT
10227,GRIMES LIQUOR SHOP / GRIMES
4572,GRUNDY CENTER FAMILY FOODS
4926,GS SUPER STOP
5669,GUDDI MART / WATERLOO
5192,GUPPY'S ON THE GO  /  ROBINS
4662,GUPPY'S ON THE GO / CEDAR RAPIDS
4670,GUPPY'S ON THE GO / TRIPOLI
5190,GUPPY'S ON THE GO / WALFORD
4787,GUPPY'S ON THE GO SWISHER
4283,GUPPYS ON THE GO
5600,H & A MINI MART
4186,H AND A MINI MART / PHILLIPS 66
4062,H AND A MINI MART CORP
6212,HAMPTON CROSSROADS / HAMPTON
6075,HAMPTON LIQUOR & TOBACCO / HAMPTON
4988,HAPPY'S WINE & SPIRITS
2201,HAPPY'S WINE & SPIRITS WHOLESALE
5027,HARD ROCK HOTEL & CASINO SIOUX CITY
4081,HARLAN'S FOOD MART
3858,HAROLDS JACK N JILL / DAVENPORT
5904,HARPERS ONE STOP / HARPERS FERRY
4226,HARTIG DRUG #12 / WAUKON
3784,HARTIG DRUG #14 / INDEPENDENCE
3849,HARTIG DRUG CO #6 / DYERSVILLE
4106,HARTIG DRUG CO. / JFK RD / DUBUQUE
3841,HARTIG DRUG COMPANY #2 / LOCUST
3738,HARTIG DRUG COMPANY #4 / DUBUQUE
3959,HARTIG DRUG COMPANY #8 / UNIVERSITY
3565,HARTIG DRUG STORE #10
4193,HARTLEY WINE AND SPIRITS
5741,HASS MARKET
10208,HAWKEYE CONVENIENCE STORE / CEDAR RAPIDS
4784,HAWKEYE CONVENIENCE STORE WILEY BLVD
5023,HAWKEYE CONVENIENCE STORES / 16TH AV
4693,HAWKEYE CONVENIENCE STORES / 16TH ST
5025,HAWKEYE CONVENIENCE STORES / 1ST AVE
5473,HAWKEYE CONVENIENCE STORES / MARION
5024,HAWKEYE CONVENIENCE STORES / WILEY
4618,HAWKEYE CONVENIENCE STORES EAST
6091,HAWKEYE LIQUOR & TOBACCO / IOWA CITY
3440,HAWKEYE PANTRY
5994,HAWKEYE SMOKE AND LIQUOR / IOWA CITY
5865,HAWKEYE SMOKE SHOP
10206,HAWKEYE SMOKE SHOP / FAIRFIELD
6152,HAWKEYE SMOKE SHOP / FAIRFIELD
6190,HAWKS LIQUOR & TOBACCO / CORALVILLE
6158,HAWKS SMOKE SHOP / MARION
10077,HAWKS SMOKE SHOP / MARION
5492,HEARTLAND MARKET
5461,HEARTLAND MARKET
5509,HEARTLAND MARKET
5464,HEARTLAND MARKETS
4052,HELLE HOMETOWN VARIETY
6344,HELLO MART LLC / SIOUX CITY
10217,HIGHWAY LIQUORS AND TOBACCO / OSKALOOSA
4660,HILL BROTHERS JIFFY MART / CEDAR RAP
6074,HILL COUNTRY CONVENIENCE STORE / COLESBURG
2106,HILLSTREET NEWS AND TOBACCO
4962,HILLTOP GROCERY
5430,HIWAY 20 LIQUOR & TOBACCO
6146,HIWAY 20 LIQUOR & TOBACCO / WEBSTER CITY
10071,HIWAY 20 LIQUOR AND TOBACCO / FORT DODGE
6130,HIWAY 20 LIQUOR AND TOBACCO / FORT DODGE
10154,HIWAY 20 LIQUOR AND TOBACCO / WEBSTER CITY
4093,HIWAY 20 LIQUORS / FORT DODGE
4465,HOME TOWN FOOD ON 4
5633,HOME TOWN WINE & SPIRITS
5866,HOMETOWN FAMILY MARKET
5731,HOMETOWN FOODS
5879,HOMETOWN FOODS - CONRAD
5878,HOMETOWN FOODS - HUBBARD
4322,HOMETOWN FOODS / BAXTER
5337,HOMETOWN FOODS / CONRAD
4016,HOMETOWN FOODS / CONRAD
4018,HOMETOWN FOODS / GLADBROOK
5323,HOMETOWN FOODS / GLADBROOK
5325,HOMETOWN FOODS / HUBBARD
3972,HOMETOWN FOODS / HUBBARD
3465,HOMETOWN FOODS / PANORA
3864,HOMETOWN FOODS / SCHALLER
3950,HOMETOWN FOODS / STATE CENTER
5882,HOMETOWN FOODS / STATE CENTER
5324,HOMETOWN FOODS / STATE CENTER
3461,HOMETOWN FOODS / STUART
6040,HOMETOWN FOODS / TRAER
4557,HOMETOWN FOODS / TRAER
3740,HOMETOWN FOODS / WATERLOO
4299,HOMETOWN MARKET / CENTRAL CITY
10232,HOMETOWN MARKET / CENTRAL CITY
10076,HOMETOWN SPIRITS / TIFFIN
6143,HOMETOWN WINE & SPIRITS / OSKALOOSA
9017,HONEY CREEK DISTILLERY
4903,HONEY CREEK RESORT STATE PARK
5265,HONEY CREEK RESORT STATE PARK/ GIFT
5525,HOP N SHOP / CLINTON
10040,HOSPERS MINI MART / HOSPERS
5903,HOT SPOT FOOD AND LIQUOR / BURLINGTON
10172,HUBER'S STORE / FORT ATKINSON
2161,HUBER'S STORE INC.
4762,HUBER'S STORE INC.
5592,HUBERS STORE
4931,HUDSON GAS MART
5693,HULL FOOD CENTER / HULL
4858,HWY 34 TRUCKSTOP
2501,HY-VEE  #2 / AMES
2671,HY-VEE  /  JEFFERSON
2673,HY-VEE # 6/ DES MOINES
2506,HY-VEE #1044 / BURLINGTON
2666,HY-VEE #2 / ANKENY
2675,HY-VEE #2 / CORALVILLE
2624,HY-VEE #2 / DUBUQUE
2582,HY-VEE #2 FOOD STORE / MASON CITY
2633,HY-VEE #3 / BDI / DES MOINES
2649,HY-VEE #3 / DUBUQUE
2614,HY-VEE #3 FOOD AND DRUGSTORE
6259,HY-VEE #3 GAS / IOWA CITY
2635,HY-VEE #4 / DAVENPORT
2648,HY-VEE #4 / WDM
2637,HY-VEE #5 / DAVENPORT
2647,HY-VEE #7 / CEDAR RAPIDS
2684,HY-VEE - FOREST CITY
2685,HY-VEE -GARNER
2578,HY-VEE / CHARLES CITY
2669,HY-VEE / CORYDON
2712,HY-VEE / DECORAH
2509,HY-VEE / DRUGTOWN #1 / CEDAR RAPIDS
2511,HY-VEE / DRUGTOWN #2 / CEDAR RAPIDS
10167,HY-VEE / ELDRIDGE
6209,HY-VEE / GRIMES
10189,HY-VEE / KNOXVILLE
2536,HY-VEE / PLEASANT HILL
2596,HY-VEE / REGAL LIQUORS AND VIDEO
2663,HY-VEE / URBANDALE
2714,HY-VEE / VINTON
2665,HY-VEE / WAUKEE
2651,HY-VEE / WAVERLY
2620,HY-VEE / WINDSOR HEIGHTS
2672,HY-VEE / WINTERSET
6193,HY-VEE C STORE #5 / CEDAR RAPIDS
6200,HY-VEE C STORE / MT. PLEASANT
2699,HY-VEE C-STORE #2 - ANKENY
2721,HY-VEE C-STORE #3 / DUBUQUE
2688,HY-VEE C-STORE - EAST HICKMAN
2664,HY-VEE C-STORE / CHARLES CITY
2681,HY-VEE C-STORE / FAIRFEILD
2696,HY-VEE C-STORE / SE ARMY POST
2689,HY-VEE C-STRORE - DOUGLAS
2705,HY-VEE CRESCO DOLLAR FRESH
2700,HY-VEE DOLLAR FRESH - EMMETSBURG
2697,HY-VEE DOLLAR FRESH - TOLEDO
6243,HY-VEE DOLLAR FRESH / INDEPENDENCE
6189,HY-VEE DOLLAR FRESH / MANCHESTER
6178,HY-VEE DOLLAR FRESH / MAQUOKETA
6249,HY-VEE DOLLAR FRESH / MONTICELLO
6194,HY-VEE DOLLAR FRESH / NEVADA
6221,HY-VEE DOLLAR FRESH / ORANGE CITY
2609,HY-VEE DRUGSTORE #2 / AMES
2630,HY-VEE DRUGSTORE #2 / WDM
2510,HY-VEE DRUGSTORE #3 / CEDAR RAPIDS
2529,HY-VEE DRUGSTORE #4 / CEDAR RAPIDS
2605,HY-VEE DRUGSTORE #5 / CEDAR RAPIDS
2618,HY-VEE DRUGSTORE #6 / CEDAR RAPIDS
2503,HY-VEE DRUGSTORE / ANKENY
2641,HY-VEE DRUGSTORE / COUNCIL BLUFFS
2567,HY-VEE DRUGSTORE / DAVENPORT
2537,HY-VEE DRUGSTORE / FORT DODGE
2545,HY-VEE DRUGSTORE / IOWA CITY
2514,HY-VEE DRUGSTORE / MARION
2592,HY-VEE DRUGSTORE / MARSHALLTOWN
2652,HY-VEE DRUGSTORE / MASON CITY
2645,HY-VEE DRUGSTORE / MUSCATINE
2611,HY-VEE DRUGSTORE / OTTUMWA
2626,HY-VEE DRUGSTORE / UNIVERSITY / DSM
2534,HY-VEE DRUGTOWN / URBANDALE
2713,HY-VEE DYERSVILLE DOLLAR FRESH
2691,HY-VEE FAST & FRESH - DES MOINES
2690,HY-VEE FAST & FRESH - KNOXVILLE
2678,HY-VEE FAST & FRESH / DAVENPORT
2683,HY-VEE FAST & FRESH / WDM
2692,HY-VEE FAST & FRESH EXPRESS -OSCELOA
2677,HY-VEE FAST & FRESH EXPRESS / CENTERVILLE
2687,HY-VEE FAST & FRESH EXPRESS- BETTENDORF
2693,HY-VEE FAST & FRESH EXPRESS- CRESTON
2679,HY-VEE FAST & FRESH/ALTOONA
10024,HY-VEE FAST AND FRESH #2 (7591) / WEST DES MOINES
6317,HY-VEE FAST AND FRESH #2 / GRIMES
6191,HY-VEE FAST AND FRESH #2 / WAUKEE
10023,HY-VEE FAST AND FRESH #3 (7592) / WEST DES MOINES
6341,HY-VEE FAST AND FRESH #3 / URBANDALE
10025,HY-VEE FAST AND FRESH #4 (7583) / URBANDALE
10034,HY-VEE FAST AND FRESH #5 (7584) / URBANDALE
2709,HY-VEE FAST AND FRESH - DUBUQUE
2707,HY-VEE FAST AND FRESH - URBANDALE
2708,HY-VEE FAST AND FRESH - WINDSOR HEIGHTS
2703,HY-VEE FAST AND FRESH / CLIVE
6208,HY-VEE FAST AND FRESH / GRIMES
2706,HY-VEE FAST AND FRESH / JOHNSTON
6254,HY-VEE FAST AND FRESH / MARION
2701,HY-VEE FAST AND FRESH / STORM LAKE
2719,HY-VEE FAST AND FRESH / WAUKEE
2588,HY-VEE FOOD AND DRUG #6 / CEDAR RAPI
2616,HY-VEE FOOD AND DRUG / CLINTON
2521,HY-VEE FOOD AND DRUG / GRAND / WDM
2500,HY-VEE FOOD STORE #1 / AMES
2507,HY-VEE FOOD STORE #1 / BURLINGTON
2508,HY-VEE FOOD STORE #1 / CEDAR RAPIDS
2613,HY-VEE FOOD STORE #1 / COUNCIL BLUFF
2515,HY-VEE FOOD STORE #1 / MASON CITY
2517,HY-VEE FOOD STORE #1 / NEWTON
2543,HY-VEE FOOD STORE #1 / OTTUMWA
2575,HY-VEE FOOD STORE #1 / WATERLOO
2535,HY-VEE FOOD STORE #1 / WDM
2569,HY-VEE FOOD STORE #2 / CEDAR RAPIDS
2629,HY-VEE FOOD STORE #2 / COUNCIL BLUFF
2532,HY-VEE FOOD STORE #2 / DES MOINES
2513,HY-VEE FOOD STORE #2 / IOWA CITY
2571,HY-VEE FOOD STORE #2 / WATERLOO
2552,HY-VEE FOOD STORE #3 / CEDAR RAPIDS
2528,HY-VEE FOOD STORE #3 / DES MOINES
2621,HY-VEE FOOD STORE #3 / SIOUX CITY
2538,HY-VEE FOOD STORE #3 / WATERLOO
2568,HY-VEE FOOD STORE #4 / CEDAR RAPIDS
2623,HY-VEE FOOD STORE #4 / SIOUX CITY
2564,HY-VEE FOOD STORE #4 / WATERLOO
2590,HY-VEE FOOD STORE #5 / CEDAR RAPIDS
2527,HY-VEE FOOD STORE #5 / DES MOINES
2559,HY-VEE FOOD STORE / ALBIA
2548,HY-VEE FOOD STORE / ALTOONA
2657,HY-VEE FOOD STORE / BEDFORD
2593,HY-VEE FOOD STORE / CARROLL
2572,HY-VEE FOOD STORE / CEDAR FALLS
2523,HY-VEE FOOD STORE / CENTERVILLE
2551,HY-VEE FOOD STORE / CHARITON
2597,HY-VEE FOOD STORE / CHEROKEE
2655,HY-VEE FOOD STORE / CLARINDA
2670,HY-VEE FOOD STORE / CORALVILLE
2656,HY-VEE FOOD STORE / CORNING
2659,HY-VEE FOOD STORE / CORYDON
2553,HY-VEE FOOD STORE / CRESTON
2554,HY-VEE FOOD STORE / DAVENPORT
2715,HY-VEE FOOD STORE / DENISON
2524,HY-VEE FOOD STORE / DUBUQUE
2628,HY-VEE FOOD STORE / ELDORA
2601,HY-VEE FOOD STORE / FAIRFIELD
2561,HY-VEE FOOD STORE / FLEUR / DSM
2562,HY-VEE FOOD STORE / FORT DODGE
2584,HY-VEE FOOD STORE / FORT MADISON
2579,HY-VEE FOOD STORE / GRINNELL
2549,HY-VEE FOOD STORE / INDIANOLA
2622,HY-VEE FOOD STORE / IOWA CITY
2539,HY-VEE FOOD STORE / IOWA FALLS
2587,HY-VEE FOOD STORE / JOHNSTON
2555,HY-VEE FOOD STORE / KEOKUK
2566,HY-VEE FOOD STORE / KNOXVILLE
2674,HY-VEE FOOD STORE / LAMONI
2668,HY-VEE FOOD STORE / LEON
2560,HY-VEE FOOD STORE / MARION
2544,HY-VEE FOOD STORE / MARSHALLTOWN
2658,HY-VEE FOOD STORE / MOUNT AYR
2558,HY-VEE FOOD STORE / MOUNT PLEASANT
2573,HY-VEE FOOD STORE / MUSCATINE
2550,HY-VEE FOOD STORE / OSCEOLA
2600,HY-VEE FOOD STORE / OSKALOOSA
2661,HY-VEE FOOD STORE / SHELDON
2660,HY-VEE FOOD STORE / SIOUX CENTER
2594,HY-VEE FOOD STORE / SIOUX CITY
2565,HY-VEE FOOD STORE / SPENCER
2583,HY-VEE FOOD STORE / WASHINGTON
2602,HY-VEE FOOD STORE / WEBSTER CITY
2644,HY-VEE FORT DODGE WINE AND SPIRITS
2680,HY-VEE FULFILLMENT CENTER
2702,HY-VEE GAS #1 / ANKENY
2710,HY-VEE GAS #1 / OTTUMWA
6273,HY-VEE GAS #2 / BURLINGTON
6181,HY-VEE GAS #2 / CORALVILLE
2711,HY-VEE GAS #2 / OTTUMWA
2720,HY-VEE GAS #3 / WDM
2698,HY-VEE GAS #4 - WDM
2695,HY-VEE GAS #4 / DES MOINES
2722,HY-VEE GAS #5 / DAVENPORT
2717,HY-VEE GAS #5018 / AMES
2686,HY-VEE GAS - PLEASANT HILL
2676,HY-VEE GAS / INDIANOLA
2723,HY-VEE GAS / JOHNSTON
6325,HY-VEE GAS / NEWTON
2716,HY-VEE HAMPTON DOLLAR FRESH
2667,HY-VEE MAINSTREET
2704,HY-VEE OELWEIN DOLLAR FRESH
2612,HY-VEE STORE / PERRY
2718,HY-VEE WAUKON DOLLAR FRESH
2682,HY-VEE WDM HEALTH MARKET
2662,HY-VEE WINE & SPIRITS / MUSCATINE
2627,HY-VEE WINE AND SPIRITS #1
2625,HY-VEE WINE AND SPIRITS #2
2585,HY-VEE WINE AND SPIRITS / ALGONA
2634,HY-VEE WINE AND SPIRITS / AMES
2502,HY-VEE WINE AND SPIRITS / ANKENY
2591,HY-VEE WINE AND SPIRITS / ATLANTIC
2603,HY-VEE WINE AND SPIRITS / BETTENDORF
2505,HY-VEE WINE AND SPIRITS / BOONE
2638,HY-VEE WINE AND SPIRITS / CEDAR FALL
2599,HY-VEE WINE AND SPIRITS / CORALVILLE
2595,HY-VEE WINE AND SPIRITS / DENISON
2556,HY-VEE WINE AND SPIRITS / ESTHERVILL
2650,HY-VEE WINE AND SPIRITS / HARLAN
2636,HY-VEE WINE AND SPIRITS / HUBBELL
2606,HY-VEE WINE AND SPIRITS / HUMBOLDT
2512,HY-VEE WINE AND SPIRITS / IOWA CITY
2604,HY-VEE WINE AND SPIRITS / LEMARS
2642,HY-VEE WINE AND SPIRITS / PELLA
2518,HY-VEE WINE AND SPIRITS / RED OAK
2607,HY-VEE WINE AND SPIRITS / SHENANDOAH
2522,HY-VEE WINE AND SPIRITS / SPIRIT LAK
2576,HY-VEE WINE AND SPIRITS / STORM LAKE
2653,HY-VEE WINE AND SPIRITS / WASHINGTON
2643,HY-VEE WINE AND SPIRITS / WATERLOO
2619,HY-VEE WINE AND SPIRITS / WDM
6020,I TOWNER STOP / INDIANOLA
4165,I-35 SPIRITS / ANKENY
4312,I-80 LIQUOR / COUNCIL BLUFFS
10063,IB PONY / WATERLOO
5004,IDA GROVE FOOD PRIDE
3614,IDA GROVE FOOD PRIDE
5151,IDA LIQUOR
4840,INDEPENDENCE AVE LIQUOR & FOOD / WAT
5487,INDEPENDENCE LIQUOR & FOOD
4684,INDY 66 #928 / INDIANOLA
4482,INDY 66 WEST #929 / INDIANOLA
2248,INGERSOLL LIQUOR AND BEVERAGE
3698,INGERSOLL WINE MERCHANTS
5932,IOWA CITY BP
4844,IOWA CITY FAST BREAK
9013,IOWA DISTILLING COMPANY
9913,IOWA DISTILLING COMPANY
9023,IOWA LEGENDARY RYE
9923,IOWA LEGENDARY RYE
5374,IOWA LIQUOR & TOBACCO
5482,IOWA MINI MART
5646,IOWA SMOKE AND LIQUOR
10153,IOWA SPIRITS / BURLINGTON
4167,"IOWA STREET MARKET, INC."
5084,ISMOKE
4700,J & C GROCERY / ALLISON
4584,J & C GROCERY / DUMONT
4046,J AND K MARKET
3723,J D SPIRITS LIQUOR
6169,JACK & JILL STORE / WEST BRANCH
10004,JACK & JILL STORE / WEST BRANCH
2113,JAMBOREE FOODS
4830,JCL STORE
3484,JEFF'S FOODS
4347,JEFF'S MARKET / BLUE GRASS
4967,JEFF'S MARKET / BLUE GRASS
4963,JEFF'S MARKET / DURANT
4564,JEFF'S MARKET / DURANT
5071,JEFF'S MARKET / DURANT
4970,JEFF'S MARKET / WEST LIBERTY
4484,JEFF'S MARKET / WEST LIBERTY
4348,JEFF'S MARKET / WILTON
4964,JEFF'S MARKET / WILTON
5070,JEFF'S MARKET / WILTON
10049,JEFFS FOODS REMSEN / REMSEN
4187,JENSEN LIQUOR NORTH
3621,"JENSEN LIQUORS, LTD."
6174,JESSES MART / DAVENPORT
4166,JESUP FOOD CENTER
6296,JET STOP / FAIRFIELD
6310,JET STOP BIRMINGHAM / BIRMINGHAM
6301,JET STOP BONAPARTE / BONAPARTE
6297,JET STOP BURLINGTON NORTH / BURLINGTON
6291,JET STOP BURLINGTON SOUTH / BURLINGTON
6292,JET STOP DENMARK / DENMARK
6305,JET STOP HOUGHTON / HOUGHTON
6314,JET STOP MILTON / MILTON
6282,JET STOP NEW LONDON / NEW LONDON
6302,JET STOP SALEM STUB / SALEM
6293,JET STOP WEST POINT / WEST POINT
4504,JIFFY EXPRESS #921 / INDIANOLA
4944,JIFFY EXPRESS / MARTENSDALE
4011,JIM AND CHARLIES AFFILIATED
5038,JIM'S FOOD
5730,JIM'S FOOD
5174,JIM'S FOOD   /  SULLIVAN AVE
5207,JIM'S FOODS  /  CEDAR RAPIDS
4860,JIMS FOODS
10053,JJ GAS AND FOOD / SPRINGVILLE
5341,JJ'S ON JOHNSON
6330,JK AFRICAN STORE LLC / DES MOINES
5912,JMC SUPERMARKET / PERRY
2285,JOHN'S GROCERY
5292,JOHN'S QWIK STOP
5105,JOHNCY'S LIQUOR STORE
5514,JOHNCY'S LIQUOR STORE
3925,JOHNCY'S LIQUOR STORE INC
5947,JOHNSON AVE BP / CEDAR RAPIDS
9906,JOHNSON BROTHERS WIRTZ
5670,JONESY'S STOP N SHOP
4328,JR'S ON THE ROCKS
3492,JUBILEE FOODS / ROCKWELL CITY
3682,JUMBO'S
5291,JUMPSTART
5435,JUNCTION LIQUOR
5372,JUNCTION LIQUOR SALES
5709,JW LIQUOR
5672,K & K FOOD AND GAS / DAVENPORT
4883,K & L FOODS
4538,K & S GROCERY
5867,K FOOD MART / MONTICELLO
5863,K-ZAR INC - WATERLOO
4025,KARAM KAUR KHASRIYA LLC
3514,KAREN'S SPIRITS AND WINE
5165,KARI OUT WINE & SPIRITS LLC
3957,KARL'S GROCERY STORE
6062,KARLS GROCERY / EDGEWOOD
3569,KATY DID GENERAL STORE
4789,KATY DID'S GENERAL STORE
5226,KC BROTHERS
6265,KC STORE / STRATFORD
3013,KEITH'S FOODS
4071,KELLOGG COUNTRY STORE
5138,KELLOGG COUNTRY STORE
2191,KEOKUK SPIRITS
4279,KEOTA EAGLE FOODS
5870,KEYSTONE LIQUOR
5224,KEYSTONE LIQUOR & WINE / CORALVILLE
5705,KEYSTONE LIQUOR AND WINE
4308,KEYSTONE LIQUOR AND WINE / CORALVILL
6309,KEYSTONE MINI MART / KEYSTONE
4766,KEYWEST CONOCO / DUBUQUE
3482,KICK THE CAN
3715,KIMBERLY MART / DAVENPORT
10161,KIMMES BAXTER COUNTRY STORE #13 / BAXTER
6283,KIMMES CARROLL COUNTRY STORE 1 / CARROLL
5203,KIMMES COON RAPIDS COUNTRY STORE #12
4982,KIMMES COUNTRY STORE ALTA 05
10224,KIMMES DENISON COUNTRY STORE 11 / DENISON
5883,KIMMES HUMBOLDT COUNTRY STORE #14
6271,KIMMES KINGSLEY COUNTRY STORE #16 / KINGSLEY
5157,KIMMES MANSON COUNTRY STORE #10
5159,KIMMES ROCKWELL CITY COUNTRY STORE #
5354,KIMMES WALL LAKE
4957,KIMMES WALL LAKE COUNTRY STORE
10084,KINGS MART #50 / IOWA CITY
10075,KINGS MART #51 / CEDAR RAPIDS
5219,KIRKWOOD LIQUOR & TOBACCO
6135,KIRKWOOD LIQUOR AND TOBACCO / IOWA CITY
6141,KJ'S CONVENIENCE & DELI / MAQUOKETA
10179,KLINE'S QUICK TIME / KNOXVILLE
3766,KOLBY'S LIQUOR STORE
3582,KORTHOUSE LIQUOR
10216,KRAMER'S INC.
4561,KROEGERS LIQUOR CO LLC
3930,KUENNEN'S LIQUOR STORE
5058,KUM & GO # 542 / URBANDALE
5920,KUM & GO #0131 / HUXLEY
6078,KUM & GO #0185 / BONDURANT
5860,KUM & GO #0217 -AMES
6057,KUM & GO #0731 / DES MOINES
4421,KUM & GO #1 / HAMPTON
5358,KUM & GO #1056/ BEVINGTON
10038,KUM & GO #1074 / WDM
4367,KUM & GO #109 / MASON CITY
5347,KUM & GO #1097 / 50TH WDM
4675,KUM & GO #113 / AMES
4917,KUM & GO #115 / PERRY
4387,KUM & GO #117 / SPIRIT LAKE
5388,KUM & GO #119/ NORTHWOOD
4449,KUM & GO #121 / URBANDALE
5465,KUM & GO #1215 / AMES
4355,KUM & GO #124 / STORY CITY
4357,KUM & GO #125 / STORY CITY
4407,KUM & GO #1272 / KNOXVILLE
5211,KUM & GO #129  /  JOHNSTON
4920,KUM & GO #129 / JOHNSTON
4395,KUM & GO #133 / ELLSWORTH
4501,KUM & GO #134 / FAIRFIELD
4362,KUM & GO #135 / POLK CITY
4366,KUM & GO #137 / TIFFIN
4374,KUM & GO #141 / GRIMES
5510,KUM & GO #1443 / WILLIAMSBURG
4392,KUM & GO #156 / CLIVE
4450,KUM & GO #157 / URBANDALE
4941,KUM & GO #170 / URBANDALE
4400,KUM & GO #174 / OSKALOOSA
4259,KUM & GO #175 LIQUORS / OSKALOOSA
5499,KUM & GO #184 / ALTOONA
4422,KUM & GO #193 / STUART
4455,KUM & GO #1959 / ELDORA
4445,KUM & GO #196 / WEBSTER CITY
4428,KUM & GO #200 / AMES
5197,KUM & GO #201 / CORALVILLE
4432,KUM & GO #201 CORALVILLE
4378,KUM & GO #202 / 4TH ST WAUKEE
4410,KUM & GO #203 / PERRY
5092,KUM & GO #2035 / WEST DES MOINES
4393,KUM & GO #206 / CLIVE
4600,KUM & GO #207 / HUBBELL DM
4603,KUM & GO #208 / SE 14TH DM
4379,KUM & GO #2091 / ASHWORTH / WDM
4384,KUM & GO #2093 / ADEL
4470,KUM & GO #211 / WATERLOO
4471,KUM & GO #212 / WATERLOO
4438,KUM & GO #214  AMES
4437,KUM & GO #215  AMES
4436,KUM & GO #216  AMES
4440,KUM & GO #219  COUNCIL BLUFFS
4364,KUM & GO #22 / GRINNELL
4435,KUM & GO #220  COUNCIL BLUFFS
4408,KUM & GO #2217 / BOONE
4365,KUM & GO #222 / WEST ST GRINNELL
4558,KUM & GO #226 / SIOUX CITY
4674,KUM & GO #227 / AMES
4565,KUM & GO #228 / SIOUX CITY
4554,KUM & GO #229 / SIOUX CITY
4414,KUM & GO #23 / NEOLA
4390,KUM & GO #233 / CLARINDA
4391,KUM & GO #236 / GREENFIELD
4375,KUM & GO #237 / GRIMES
4433,KUM & GO #24  PLEASANT HILL
4370,KUM & GO #240 / NORTH AVE NORWALK
4848,KUM & GO #246 / WINTERSET
4454,KUM & GO #248 / SIOUX CITY
5188,KUM & GO #251 / SIOUX CITY
4380,KUM & GO #254 / WEST BRANCH
4412,KUM & GO #267 / TIPTON
4369,KUM & GO #28 / NORWALK
4404,KUM & GO #292 / ANKENY
4351,KUM & GO #301 / CLEAR LAKE
4353,KUM & GO #302 / CLEAR LAKE
6045,KUM & GO #3156 / CLIVE
4429,KUM & GO #32 / COLFAX
4363,KUM & GO #33 / OSCEOLA
4360,KUM & GO #333 / NEWTON
5242,KUM & GO #3502 / IOWA CITY
5160,KUM & GO #37  /  OTTUMWA
4420,KUM & GO #38 / OTTUMWA
4356,KUM & GO #396 / NEVADA
4419,KUM & GO #4 / LAMONI
4406,KUM & GO #4020 / ANKENY
4372,KUM & GO #404 / MASON CITY
4919,KUM & GO #4084 / ALTOONA
5107,KUM & GO #4098 / WINDSOR HEIGHTS
4403,KUM & GO #4098 / WINDSOR HEIGHTS
4601,KUM & GO #4110 / GUTHRIE DM
4444,KUM & GO #4127 / SLOAN
4354,KUM & GO #4205 / SHENANDOAH
4457,KUM & GO #422 / IOWA CITY
4385,KUM & GO #43 / NEW VIRGINIA
5091,KUM & GO #436 / MUSCATINE
5090,KUM & GO #437 / MUSCATINE
4467,KUM & GO #438 / MUSCATINE
4413,KUM & GO #439 / WAPELLO
5011,KUM & GO #443 / WILLIAMSBURG
4381,KUM & GO #443 / WILLIAMSBURG
4418,KUM & GO #46 / WALNUT
4398,KUM & GO #4786 / BELMOND
4371,KUM & GO #50 / WEST DES MOINES
4383,KUM & GO #500 / CRESTON
4352,KUM & GO #501 / CRESTON
4401,KUM & GO #503 / MARION
5567,KUM & GO #504 / IOWA CITY
4427,KUM & GO #507 / NORTH LIBERTY
4566,KUM & GO #508 / CEDAR RAPIDS
4605,KUM & GO #509 / MARION
4837,KUM & GO #51 / IOWA CITY
4654,KUM & GO #510 / STUART
4583,KUM & GO #5100 / MANSON
4415,KUM & GO #513 / ACKLEY
4950,KUM & GO #514 / CEDAR RAPIDS
4687,KUM & GO #517 / CEDAR RAPIDS
4810,KUM & GO #518 / ANKENY
4836,KUM & GO #52 / IOWA CITY
4852,KUM & GO #520 / CEDAR RAPIDS
5185,KUM & GO #521  /  CORALVILLE
5405,KUM & GO #524/ CORALVILLE
4456,KUM & GO #53 / IOWA CITY
5340,KUM & GO #532/ WEST DSM
5057,KUM & GO #535 / DES MOINES
5338,KUM & GO #539/ NW 2ND AVE
5235,KUM & GO #540 / WAUKEE
4459,KUM & GO #544 / EAGLE GROVE
4586,KUM & GO #545 / ROCKWELL CITY
4358,KUM & GO #553 / CLARION
4667,KUM & GO #56 / BEVINGTON
4368,KUM & GO #570 / JOHNSTON
4448,KUM & GO #572 / URBANDALE
4641,KUM & GO #573 / SE 14TH DM
4925,KUM & GO #574 / URBANDALE
4927,KUM & GO #576 / WEST DES MOINES
4609,KUM & GO #579 / ANKENY
4399,KUM & GO #59 / WAUKEE
4868,KUM & GO #59 / WAUKEE
4376,KUM & GO #6 / MASON CITY
4394,KUM & GO #606 / HARLAN
4486,KUM & GO #608 / OKOBOJI
5021,KUM & GO #608 / OKOBOJI
4853,KUM & GO #62 / JOHNSTON
4389,KUM & GO #651 / ALBIA
4887,KUM & GO #66 / WEST DES MOINES
4386,KUM & GO #701 / MARSHALLTOWN
4350,KUM & GO #703 / MARSHALLTOWN
4044,KUM & GO #713 / BURLINGTON
4373,KUM & GO #74 / WEST DES MOINES
4359,KUM & GO #75 / WAUKEE
4417,KUM & GO #76 / ADAIR
5088,KUM & GO #768 / HOSPERS
5970,KUM & GO #7701 / DES MOINES
6086,KUM & GO #7706 / AMES
4768,KUM & GO #777 / URBANDALE
4382,KUM & GO #8 / 8TH ST / WDM
4402,KUM & GO #80 / RIVERSIDE
4416,KUM & GO #83 / CASEY
4430,KUM & GO #87 / FORT DODGE
4431,KUM & GO #89 / FORT DODGE
4409,KUM & GO #90 / BOONE
4405,KUM & GO #92 / ANKENY
4411,KUM & GO #95 / DE SOTO
4451,KUM & GO #96 / WEBSTER CITY
4772,KUM & GO #97 / WEST DES MOINES
5022,KUM & GO #97 / WEST DES MOINES
10239,KUM & GO #98 / WEST DES MOINES
4270,KUM & GO LIQUORS #37 / OTTUMWA
4633,KWIK SHOP #520 / CARTER LAKE
4626,KWIK SHOP #527 / COUNCIL BLUFFS
4625,KWIK SHOP #532 / COUNCIL BLUFFS
4629,KWIK SHOP #541 / GLENWOOD
4637,KWIK SHOP #560 / CEDAR RAPIDS
4636,KWIK SHOP #561 / CEDAR RAPIDS
4635,KWIK SHOP #563 / CEDAR RAPIDS
4634,KWIK SHOP #565 / CEDAR RAPIDS
4624,KWIK SHOP #568 / HIAWATHA
3882,KWIK SHOP #579 / DAVENPORT
4644,KWIK SHOP #588 / DAVENPORT
4645,KWIK SHOP #589 / ELDRIDGE
5182,KWIK SHOP #595  /  W BROADWAY
6252,KWIK SPIRITS #1191 / FORT DODGE
6073,KWIK SPIRITS #560 / CEDAR RAPIDS
10052,KWIK STAR #1097 / URBANDALE
6332,KWIK STAR #1107 / CEDAR RAPIDS
10017,KWIK STAR #1119 / EMMETSBURG
6246,KWIK STAR #1142  / IOWA CITY
6244,KWIK STAR #1146 / CEDAR RAPIDS
6232,KWIK STAR #1154 / SHELDON
10078,KWIK STAR #1155 / PLEASANT HILL
10048,KWIK STAR #1156 / OELWEIN
10032,KWIK STAR #1158 / AMES
6276,KWIK STAR #1160 / LE MARS
6255,KWIK STAR #1165 / SIBLEY
10051,KWIK STAR #1172 / MARION
10016,KWIK STAR #1180 / PERRY
10057,KWIK STAR #1186 / ALTOONA
10083,KWIK STAR #1189 / DE SOTO
6266,KWIK STAR #607 / MARSHALLTOWN
10018,KWIK STAR #710 / TOLEDO
10062,KWIK STAR #711 / MONONA
5033,KWIK STOP
5201,KWIK STOP  #858  /  DUBUQUE
5118,KWIK STOP #82  /  PEOSTA
5209,KWIK STOP #848 / DUBUQUE
4961,KWIK STOP / CEDAR CROSS
4221,KWIK STOP / TEXAS ST
4996,KWIK STOP 16TH ST #300
5006,KWIK STOP 16TH STREET #325
4265,KWIK STOP 3 / WATERLOO
5599,KWIK STOP 4
4900,KWIK STOP 4 / WATERLOO
4765,KWIK STOP C-STORES / DUBUQUE
5175,KWIK STOP DELHI
4685,KWIK STOP FOOD MART
5874,KWIK STOP FOOD MART / DUBUQUE
5187,KWIK STOP LIQUOR & GROCERIES AMES
4831,L & M GAS & GROCERY / BOONE
4173,L AND K LIQUOR
3584,L AND M BEVERAGE
5060,L&M MIGHTY SHOP
10164,LA HISPANA GROCERY / HAWARDEN
10234,LA TROPICANA / URBANDALE
3596,LADDY'S BAR AND GRILL
4998,LAKE CITY FOOD CENTER
4219,LAKE LIQUORS WINE AND SPIRITS
4969,LAKE LIQUORS WINE AND SPIRITS
4042,LAKE OHANA MARKET / MINEOLA
5154,LAKE PARK FOODS
4116,LAKE VIEW FOODS
5663,LAKE VIEW REDEMPTION & LIQUOR STORE
4118,LAKE VIEW REDEMPTION CENTER
5940,LAKELAND EZ STOP / RUTHVEN
6128,LANE'S CORNER STORE / WATERLOO
5017,LANSING IGA
4005,LANSING LIQUOR AND MORE
4006,LARCHWOOD OFFSALE
4904,LARCHWOOD QUICK STOP
6239,LARCHWOOD QUICK STOP / LARCHWOOD
4336,LAST CALL 2
3400,LAST STOP BEVERAGE SHOP
5055,LATIMER COMMUNITY GROCERY
10133,LATIMER GROCERY / LATIMER
5005,LAURENS FOOD PRIDE
3616,LAURENS FOOD PRIDE
5729,LAZY RIVER BEVERAGE AND MORE
10070,LE CLAIRE GROCERY STORE / LE CLAIRE
5843,LEAF BROTHERS CIGARS / WDM
6131,LEEDS FOOD N FUEL / SIOUX CITY
5269,LEFTY'S CONVENIENCE STORE INC
5239,LEFTY'S CONVENIENCE STORE INC.
10030,LEGENDARY RYE / BAD BEAR ENTERPRISES
4294,LENA'S LIQUORS
5222,LEO1  /  CEDAR RAPIDS
6054,LIBERTY VIEW WINE & SPIRITS / NORTH LIBERTY
5614,LIBERTY VIEW WINE AND SPIRITS
4617,LICKETY LIQUOR
6311,LIGHTNING LIQUOR AND SMOKE SHOP - BURLINGTON
4820,LIL' CHUBS CORNER STOP
5413,LIL' CHUBS CORNER STOP
6133,LINCOLN FARM AND HOME 3 / PACIFIC JUNCTION
4869,LINDSANATOR'S
4639,LIQUOR & TOBACCO OUTLET / FORT DODGE
4426,LIQUOR AND GROCERY DEPOT
5248,LIQUOR AND GROCERY DEPOT
4323,LIQUOR AND TOBACCO OUTLET
3929,LIQUOR AND TOBACCO OUTLET
4203,LIQUOR AND TOBACCO OUTLET /
3878,LIQUOR AND TOBACCO OUTLET /
4218,LIQUOR AND TOBACCO OUTLET /
4642,LIQUOR AND TOBACCO OUTLET / UNIV AVE
10256,LIQUOR AND TOBACCO OUTLET / WATERLOO
5505,LIQUOR BARN II
2460,"LIQUOR BARN, INC."
5366,LIQUOR BEER & TOBACCO OUTLET
5121,LIQUOR BEER & TOBACCO OUTLET  / CHAR
4812,LIQUOR BEER & TOBACCO OUTLET / CHARL
5527,LIQUOR DOWNTOWN
6041,LIQUOR DOWNTOWN / IOWA CITY
3926,LIQUOR DOWNTOWN / IOWA CITY
6308,LIQUOR LAND / AMES
3705,LIQUOR LOCKER
10039,LIQUOR LOVERS / ANKENY
5441,LIQUOR ON THE CORNER
3989,LIQUOR ON THE CORNER / CHEROKEE
3576,LIQUOR STORE / HARTLEY
5597,LIQUOR TOBACCO & GAS
5034,LIQUOR TOBACCO & GROCERIES
5598,LIQUOR TOBACCO & GROCERY
5859,LIQUOR TOBACCO & GROCERY - MASON CITY
4805,LIQUOR TOBACCO & GROCERY / FORT DODG
5220,LIQUOR TOBACCO & GROCERY / MASON CIT
10035,LIQUOR TOBACCO & VAPE / CLINTON
6121,LIQUOR TOBACCO & VAPE / MANCHESTER
6095,LIQUOR TOBACCO OUTLET / FORT DODGE
4144,"LIQUOR, BEER AND TOBACCO OUTLET"
5957,"LIQUOR, TOBACCO & GROCERY / DUBUQUE"
4333,LIQUORAMA
5361,LIQUORLAND
6275,LOCAL CRAFT CELLAR / CEDAR RAPIDS
10020,LOCAL LIQUOR / PANORA
5692,LOCUST MART / DAVENPORT
3847,LOGAN AVE CONVENIENCE STORE
5691,LOGAN AVE CONVENIENCE STORE / WATERLOO
5063,LOGAN CONVENIENCE STORE
3611,LOGAN SUPER FOODS
9931,LONELY OAK DISTILERY
9031,LONELY OAK DISTILLERY
4650,LOOFTS ON 9 LIQUOR HERE OR LIQUOR TH
3952,LOT-A-SPIRITS
5657,LOUST TOBACCO & LIQUOR / DUBUQUE
4345,LUCKY MART
4101,LUCKY STOP INC.
6156,LUXEMBURG LIQUOR TOBACCO & GAS
3655,M AND M LIQUOR STORE
3583,MAC'S LIQUOR AND VIDEOS
5257,MAD AVE QUIK SHOP
5438,MADAME MARY
10065,MADELLA WINE AND SPIRITS / BETTENDORF
4990,MAIN LIL' MARKET
5148,MAIN ST MARKET  /  HOLY CROSS
4188,"MAIN ST. MARKET, INC."
3763,MAIN STREET LIQUORS / HAWARDEN
3756,MAIN STREET LIQUORS / MANNING
4267,MAIN STREET MARKET OF ANITA
3932,MAIN STREET SPIRITS / MAPLETON
6331,MAIN STREET TOBACCO SHOP / MAQUOKETA
6175,MALCOM GAS & FOOD / MALCOM
4041,MANDM PANTRY
5560,MARION FOOD MARKET
5631,MARION MARKET & CAFE'
4921,MARKET EXPRESS
6215,MARLE HAY LIQUOR & SMOKE / DES MOINES
2422,MARRIOTT CORP.
5444,MARSHALL BEER WINE SPIRITS
4026,MARSHALL DISCOUNT LIQUOR
4640,MART STOP #1 / DAVENPORT
5907,MARTELLE STORE
4133,MCCOY'S 1447
5531,MCDERMOTT OIL CO
6211,MCELROY'S FOOD / WINTHROP
4090,MCELROY'S FOOD MARKET
5271,MCELROY'S FOOD MARKET
4033,"MCGREGOR'S TOP SHELF, LLC"
3054,MCNALLY'S SUPER VALU
4790,MEDIAPOLIS FAST BREAK
10104,MEGA RETAIL / MARION
5327,MEGA SAVER
6205,MEGA SAVER / COUNCIL BLUFFS
4303,MEPO FOODS
5517,MEPO FOODS / MEDIAPOLIS
4649,METRO LIQUOR AND TOBACCO
4512,METRO MART #4 / WATERLOO
6224,MID TOWN LIQUOR & VAPE / MASON CITY
4966,MIDTOWN
4758,MIDTOWN / STORM LAKE
5028,MIDTOWN LIQUOR
6288,MIDWEST FOOD & LIQUOR / PLEASANT HILL
5653,MIKE'S MARKET AND DELI
6187,MILL CREEK LIQUORS / PAULLINA
5334,MILL ST LIQUOR
6013,MILL STREET LIQUOR / LAKE MILLS
10106,MILL STREET WINE AND SPIRITS / LAKE MILLS
10099,MILLS GROCERY AND LIQUOR / WEST DES MOINES
6247,MINI MART #3 / CHARLES CITY
6176,MINI-MART / CEDAR FALLS
6173,MINI-MART / INDEPENDENCE
9002,MISSISSIPPI RIVER DISTILLERY
9902,MISSISSIPPI RIVER DISTILLING CO
9053,MISSISSIPPI RIVER DISTILLING CO - DAVENPORT
4341,MJ'S GROCERY
5434,"MK MINIMART, INC"
6264,MLK LIQUOR LLC / DES MOINES
3973,MMDG SPIRITS / AMES
6048,MOD / FORT MADISON
6026,MOD / KEOKUK
5449,MODS MARKET
6109,MOES MART #11 / SIOUX CENTER
6110,MOES MART #12 / HOSPERS
6111,MOES MART #13 / CASEY
6100,MOES MART #3 / COUNCIL BLUFFS
6106,MOES MART #4 / COUNCIL BLUFFS
3968,MONROE LIQUOR
3712,MONTE SPIRITS
3065,MONTEZUMA SUPER VALU
4460,MOORE'S FOODS
4331,MOORE'S FOODS
5089,MOS MINI MART
5847,MOTI'S FOOD
6197,MOUNT PLEASANT FOOD & LIQUOR / MT PLEASANT
3695,MRS. B'S LIQUOR
10168,MT VERNON DISCOUNT MARKET LLC / CEDAR RAPIDS
5439,MT. PLEASANT FAST BREAK
10200,"MUGHAL, INC. / WATERLOO"
4834,MUSCATINE FAST BREAK
3172,NASH FINCH / ECONOFOODS #51
3162,NASH FINCH / WHOLESALE FOOD
4295,NAT FOOD MART #1 / HUBBELL
4632,NAT FOOD MART / 2ND AVE DM
6269,"NEIGHBORHOOD FOOD, LIQUOR & TOBACCO / CEDAR RAPIDS"
6083,NEIGHBORHOOD LIQUOR AND SMOKES / AMES
6245,NEIGHBORHOOD LIQUOR HOUSE / ANKENY
5504,NEIGHBORHOOD MART
4502,NEIGHBORHOOD MART / WATERLOO
6201,NEIGHBORHOOD TOBACCO OUTLET / MARION
5908,NEIGHBORHOOD TOBACCO OUTLET / MARION
5009,NEW PIONEER FOOD CO-OP
5074,NEW PIONEER FOOD CO-OP  / CENTER POI
5014,NEW PIONEER FOOD CO-OP / IOWA CITY
5030,NEW STAR
5155,NEW STAR  /  ANSBOROUGH AVE
5101,NEW STAR  /  FLETCHER AVE
10213,NEW STAR / CHARITON
4764,NEW STAR / FORT DODGE
5665,NEW STAR / FORT DODGE
5238,NEW STAR / FORT DODGE
5740,NEW STAR / KNOXVILLE
5243,NEW STAR / LAFAYETTE / WATERLOO
5353,NEW STAR / PELLA
5447,NEW STAR / RAYMOND
5528,NEW STAR / WATERLOO
4683,NEW STAR 3 / WATERLOO
4550,NEW STAR 3 / WATERLOO
5900,NEW STAR FLETCHER / WATERLOO
5085,NEW STAR HUDSON MART
5167,NEW STAR LIQUOR & TOBACCO  / FT DODG
4214,NEW STAR LIQUOR / LAFAYET / WATERLOO
3993,NEW STAR LIQUOR / W 4TH S / WATERLOO
4215,NEW STAR MARKET #1 / WATERLOO
5116,NEW STAR MART  /  NEWTON
4671,NEW STAR MART #1 / WATERLOO
4951,NEW STAR MART (AMOCO)
5031,NEW STAR RAYMOND
10080,NEW STAR RAYMOND / RAYMOND
6088,NEW STARR / FORT DODGE
3710,NEW YORK DOLLAR STORE
5178,NEW YORK DOLLAR STORES
4010,NEWMAN'S THRIFTWAY
4121,NEWPORT BP / WAPELLO
10162,NEWTON MARKET / NEWTON
10188,NICKS FAMILY GROCERY / WINTHROP
4742,NO FRILLS SUPERMARKETS #786 / COUNCI
4729,NO FRILLS SUPERMARKETS #790 / DENISO
4743,NO FRILLS SUPERMARKETS #791 / COUNCI
4708,NO FRILLS SUPERMARKETS #803 / GLENWO
4039,NO FRILLS SUPERMARKETS / COUNCIL BLU
4040,NO FRILLS SUPERMARKETS / COUNCIL BLU
4038,NO FRILLS SUPERMARKETS / DENISON
4049,NO FRILLS SUPERMARKETS / GLENWOOD
4620,NODAWAY VALLEY MARKET
4314,NODAWAY VALLEY MARKET
9911,NORTH AMERICAN SPIRITS
3976,NORTH ENGLISH FAMILY FOOD
3732,NORTH SCOTT FOODS
4615,NORTH SIDE LIQUOR & GROCERY
5660,NORTH SIDE LIQUOR & TOBACCO / DUBUQUE
5251,NORTHSIDE LIQUOR
6144,NORTHSIDE LIQUOR AND GROCERY / MASON CITY
4306,NORTHSIDE ONE STOP / HAMPTON
4918,NORTHWEST PETROLEUM
10145,"NUEVO VALLARTA GROCERY & JEWELRY, LLC / SIOUX CITY /"
5153,OAK STREET STATION LLC
5131,OASIS
5051,OASIS
5625,OASIS / DES MOINES
4108,OASIS GROCERY AND LIQUOR /
3812,OASIS LIQUOR / STORM LAKE
10117,OASIS WINE AND SPIRITS - WINTERSET
10215,OCEAN LIQUOR AND SMOKE ETC / CEDAR RAPIDS
4628,OELWEIN BOTTLE AND CAN INC.
6149,OELWEIN LIQUOR
6164,OELWEIN LIQUOR & VAPE
6228,OELWEIN LIQUOR TOBACCO & GAS / OELWEIN
10105,OELWEIN LIQUORS LLC / OELWEIN
5456,OELWEIN MART
5180,OELWEIN MART
10019,OELWEIN MART / OELWEIN
6154,OFF CAMPUS BEER AND SPIRITS / AMES
5707,OGDEN MART
3390,OKOBOJI AVENUE LIQUOR
6157,OKOBOJI GAS COMPANY / MILFORD
5258,OKY DOKY # 8 FOODS
3697,OKY DOKY #2 / DUBUQUE
4992,OLD 34 GAS & GRILL
5954,OLD 34 GAS & GRILL / DANVILLE
3798,OLD CALLIOPE LIQUOR
5911,OLD FIRE LIQUOR / BUFFALO CENTER
5948,OLD MARION RD BP / CEDAR RAPIDS
5208,OLSEN'S BP
10196,ONE STOP / HAMPTON
10160,ONE STOP FOOD AND FUEL / SIOUX CITY
5067,ONE STOP LIQUOR
5632,ONE STOP SHOP
5655,ONE STOP SHOP #3 / ALGONA
5727,ONE STOP SHOP #4 - DENISON
4945,OSAGE LIQUORS
3531,OSAGE LIQUORS
4559,OSAGE PAYLESS FOODS
2806,OSCO #881 / CLINTON
6274,OSKALOOSA WATERING HOLE
6153,OSKALOOSA WATERING HOLE
3845,OTHO CONVENIENCE AND FOOD
5200,OTTER CREEK COUNTRY STORE
4443,PALO MINI MART
6058,PANTHER TRAVEL CENTER / CEDAR FALLS
9018,PARADISE DISTILLING COMPANY
4763,PARKTOWN BP / CEDAR RAPIDS
3744,PAYLESS FOODS / DYERSVILLE
5299,PEARL CITY TOBACCO & LIQUOR OUTLET
6072,PEARL CITY TOBACCO & LIQUOR OUTLET / MUSCATINE
5072,PEP STOP
4916,PEREZ GROCERY
4464,PERFECT VALUE LIQUOR MART
10148,PETRO AND MORE / LETTS
5722,PETRO STOP - NEWTON
5020,PETROMART STANWOOD
5390,PG MINI MART
5245,PHILLIPS 66
5132,PHILLIPS 66
5645,PHILLIPS 66 / GRINNELL
4936,PICKLE BARREL MARKET
5596,PIRILLO BEVERAGE
5370,PIT LANE CONVENIENCE STORES
3791,PIT STOP LIQUOR AND TOBACCO
4604,PIT STOP LIQUORS / NEWTON
4682,PLEASANTVILLE ALCOHOL & TOBACCO
4134,PLEASANTVILLE GROCERY
5036,POINT LIQUOR & TOBACCO
5230,POINT LIQUOR & TOBACCO
4835,POINT LIQUOR & TOBACCO
5168,POINT LIQUOR AND TOBACCO
4282,POINT LIQUOR AND TOBACCO /
5906,POLK CITY LIQUOR
6267,POLK CITY LIQUOR / POLK CITY
5971,PONY CREEK LIQUOR / GLENWOOD
10147,PONY EXPRESS / SLOAN
6000,PORTERS CONVENIENCE 66 / CLINTON
6253,PORTSIDE ONE STOP / HARPERS FERRY
2478,PRAIRIE MEADOWS
6123,PRESTON COUNTRY STORE
5128,PRICE CHOPPER  /  BEAVER
5123,PRICE CHOPPER  /  CLIVE
5127,PRICE CHOPPER  /  INGERSOLL
5124,PRICE CHOPPER  /  JOHNSTON
5126,PRICE CHOPPER  /  MERLE HAY
4907,PRIME MART
4910,PRIME MART #3 / WATERLOO
5134,PRIME MART #6  /  CHARLES CITY
5941,PRIME MART - CEDAR FALLS
4648,PRIME MART / BROADWAY WATERLOO
4581,PRIME MART / CEDAR FALLS
4914,PRIME MART / CENTER ST
4978,PRIME MART / WATERLOO
6223,PRIME MART / WATERLOO
5426,PRIME MART 2 / CEDAR FALLS
4078,PRIME MART 4
5415,PRIME MART 7 / WATERLOO
5339,PRIME STAR
6318,PRIME STOP.INC / MELBOURNE
6220,PRIME WINE AND SPIRITS / MASON CITY
6327,PRIMESTAR / MARENGO
3530,PRIMGHAR LIQUOR STORE
2475,"PRIVATE CELLAR, INC."
4965,PRONTO
4582,PRONTO / SPIRIT LAKE
4980,PRONTO BP
4938,PRONTO MARKET
3543,PRONTO MARKET
5075,PRONTO MARKET  / NEW SHARON
4646,PRONTO MARKET / FAIRBANK
4862,PRONTO MARKET / KINGSLEY
5115,PRONTO MARKET / MANLY
5537,PRONTO MARKET / SUMNER
5429,PRONTO MARKET/ GARWIN
4181,PUFF N SNUFF
6263,PUMP N PACK / ROCK VALLEY
5446,PUMP N PAK
4909,PUMP N PAK ROCK VALLEY
4698,QUALITY QUICK STOP
5681,QUICK CORNER / HAWARDEN
4876,QUICK MART / HIAWATHA
4327,QUICK MART / HIAWATHA
3456,QUICK SHOP / CLEAR LAKE
4472,QUICK SHOP FOODS / CENTERVILLE
6233,QUICK STOP / CEDAR RAPIDS
6248,QUICK STOP / CEDAR RAPIDS
3549,QUICKER LIQUOR STORE
5516,QUIK N HANDI III
3573,QUIK SHOP FOODS / FOUR M IN
5204,QUIK STOP  /  BURLINGTON
4599,QUIK TRIP #500 / HUBBELL DM
4598,QUIK TRIP #501 / E EUCLID DM
4461,QUIK TRIP #503 / WINDSOR HEIGHTS
4446,QUIK TRIP #513 / URBANDALE
4397,QUIK TRIP #514 / ANKENY
4696,QUIK TRIP #517 / WEST DES MOINES
4597,QUIK TRIP #523 / ARMY POST DM
5501,QUIK TRIP #530 / EUCLID
4661,QUIK TRIP #531 / GRIMES
4596,QUIK TRIP #534 / E UNIVERSITY DM
4361,QUIK TRIP #538 / NW 2ND / DSM
4622,QUIK TRIP #544 / SE 14TH DM
4594,QUIK TRIP #554 / SW 63RD DM
5507,QUIK TRIP #559 / FLEUR
4595,QUIK TRIP #559 / FLEUR DR DM
4377,QUIK TRIP #562 / NE 14TH / DSM
4388,QUIK TRIP #566 / CLIVE
4447,QUIK TRIP #567 / URBANDALE
4458,QUIK TRIP #568 / JOHNSTON
4425,QUIK TRIP #575 / COUNCIL BLUFFS
5440,QUIK-PIK
5087,QUIK-PIK  /  LOGAN
3819,QUILLINS DECORAH
3857,QUILLINS FOOD RANCH / WAUKON
4972,QUILLINS QUALITY FOODS MONONA
5330,QUILLINS QUALITY FOODS POSTVILLE
4973,QUILLINS QUALITY FOODS WEST UNION
5853,R & R TOWN MART / RUDD
3969,"R 'N D'S LIQUOR, LLC"
5458,R&L FOODS
6240,RACEWAY 80 / NEWTON
4691,RAILROAD STREET TOBACCO AND SPIRITS
3853,RAM LIQUOR MART
5110,RAMSEY'S MARKET LIQUOR
5526,RANDALL'S STOP N SHOP
4338,RANDHAWA'S TRAVEL CENTER
5113,"RAY'S SUPERMARKET, INC."
6241,RAYMOND'S STATION / GARWIN
5715,RAYSMARKET
2459,REINHART FOODS
9047,REVELTON DISTILLING COMPANY
5513,RICHMOND & FERRY BP
4694,RINA MART LLC / DAVENPORT
4949,RIVER DRIVE SMOKE SHOP
4983,RIVER MART
4933,RIVER MART
6287,RIVERSIDE #4 / BETTENDORF
3910,RIVERSIDE CASINO AND RESORT
5198,RIVERSIDE LIQUOR
5662,RIVERSIDE LIQUOR 2 / DAVENPORT
5019,RIVERSIDE QUICK SHOP
5520,RIVERSIDE TRAVEL MART
5214,ROAD RANGER #5148 / CEDAR RAPIDS
6226,ROCK C LIQUOR & WINE & TOBACCO / IOWA FALLS
9946,ROCK RIVER DISTILLATION COMPANY
9046,ROCK RIVER DISTILLATION COMPANY
5846,ROCKINGHAM LIQUOR - DAVENPORT
5490,ROCKWELL AREA MARKET
5247,ROCKWELL AREA MARKET
4937,ROCSTOP
4815,ROCSTOP
2228,RODGERS SPIRITS AND MORE
4865,ROLFE AREA MARKET
5048,ROLFE AREA MARKET
5503,ROLFE AREA MARKET
5895,ROLFE HEARTLAND
10109,ROSS TOBACCO SHOP / OTTUMWA
3818,ROUND WINDOW LIQUOR
6345,ROUND WINDOW LIQUOR / KNOXVILLE
4346,ROY'S FOODLAND
5309,ROYAL FOOD
6140,ROYAL FOOD & LIQUOR / DES MOINES
10029,ROYAL MART / DES MOINES
2445,RUBACK'S FOOD CENTER
5577,RUSH STOP
5924,RUSH STOP / CHARLES CITY
6136,RUSH STOP / CHARLES CITY
5671,RUSS'S MARKET #30
5104,RUSTIC LURE WINE AND SPIRITS
4274,RUTHVEN MEAT PROCESSING
4330,RYAN'S QUICK SHOP
6290,S & S MEATS AND SPIRITS / OSAGE
9041,S&B FARMSTEAD DISTILLERY
4068,SA PETRO MART
5606,SA TOBACCO LIQUOR MART
10157,SA TOBACCO LIQUOR MART / CLINTON
5010,SAC CITY FOOD PRIDE
3915,SAC CITY FOOD PRIDE
2200,SAC LIQUOR STORE
4301,SAHOTA FOOD MART
4076,SAKAR LIQUOR STORE
4979,SAM LIQUOR
3944,SAM'S CLUB 4973 / DUBUQUE
3420,SAM'S CLUB 6344 / WINDSOR HEIGHTS
3447,SAM'S CLUB 6432 / SIOUX CITY
3477,SAM'S CLUB 6472 / COUNCIL BLUFFS
3494,SAM'S CLUB 6514 / WATERLOO
3524,SAM'S CLUB 6568 / AMES
5144,SAM'S CLUB 6979 / ANKENY
3385,SAM'S CLUB 8162 / CEDAR RAPIDS
3354,SAM'S CLUB 8238 / DAVENPORT
5100,SAM'S FOOD
4126,SAM'S MAINSTREET MARKET / SOLON
4879,SAM'S MINI MART / MORNINGSIDE AVE SI
4588,SAM'S MINI MART / SIOUX CITY
4676,SAM'S MINI MART / SIOUX CITY
4892,SARA MINI MART
4827,SAUCE
5286,SAUCE
4483,SAUCE
3587,SAVE A LOT  #482
5678,SAVE MORE / DAVENPORT
4085,SAVE MORE FOODS / WATERLOO
6186,SAVE MORE SUPER MARKET / DAVENPORT
4097,SCHLESWIG FOODS AND SPIRITS
3838,SCHNUCKS / BETTENDORF
4891,SCHOTTSY'S LIQUOR
3437,SCOTT'S FOODS
3606,SCOTTY'S LIQUOR STORE
3947,SEATON'S FLAG FOODS
4452,SELECT MART    GORDON DR
4568,SELECT MART   FLOYD BLVD
4494,SELECT MART / SIOUX CITY
6319,SERGEANT BLUFF PUMP 'N PAK / SERGEANT BLUFF
3664,SHADE TREE LIQUORS
4172,SHAMROCK SPIRITS
5194,SHELBY GENERAL STORE
10229,SHELDON TRUCK PLAZA INC. / SHELDON
4462,SHELTON'S
10171,SHERPA LIQUOR & TOBACCO OUTLET / BURLINGTON
10170,SHERPA LIQUOR & TOBACCO OUTLET 1 / BURLINGTON
5137,SHOP N SAVE  /  NW 2ND  DSM
3772,SHOP N SAVE #1 / MLK PKWY
3825,SHOP N SAVE #2 / E 14TH
4928,SHOP N SAVE / 6TH AVE
4302,SHOP N SAVE / DES MOINES
4567,SHOP N SAVE / NW 2ND AVE / DSM
6076,SHOP N SAVE NEWTON
4878,SHORTEE'S PIT STOP
5880,SHORTEE'S PIT STOP / SPEEDWAY CAFE
3734,"SHORTEE'S PIT STOP, INC."
3064,SHUGAR'S SUPER VALU / ADEL
3041,SHUGAR'S SUPER VALU / COLFAX
4210,SICHANH LIQUOR STORE
2465,SID'S BEVERAGE SHOP
4453,SID'S GAS AND GROCERIES
5016,SIERRA FOODS
4981,SINCLAIR FOOD MART
3964,SIOUX FOOD CENTER OF SIOUX RAPIDS
4008,SIOUX VALLEY SPIRITS
3986,SIOUXLAND BEVERAGE
4993,SITE FOOD MART
4847,SLAGLE FOODS LECLAIRE
4280,SLAGLE'S GROCERY / LE CLAIRE
3678,"SMOKE SHOP, THE"
4906,SMOKE.N.PIPE
6087,SMOKER'S GENIE / WAUKEE
6171,SMOKER'S GENIE 2 / DES MOINES
5460,SMOKIN JOE'S # 6 TOBACCO AND LIQUOR OUTLET
3918,SMOKIN' JOE'S #1 TOBACCO AND LIQUOR
4180,SMOKIN' JOE'S #10 TOBACCO AND LIQUOR
3920,SMOKIN' JOE'S #11 TOBACCO AND LIQUOR
3928,SMOKIN' JOE'S #12 TOBACCO AND LIQUOR
5142,SMOKIN' JOE'S #13 TOBACCO & LIQUOR O
3912,SMOKIN' JOE'S #14 TOBACCO AND LIQUOR
5176,SMOKIN' JOE'S #15 TOBACCO & LIQUOR O
3907,SMOKIN' JOE'S #16 TOBACCO AND LIQUOR
4794,SMOKIN' JOE'S #17 TOBACCO AND LIQUOR
3896,SMOKIN' JOE'S #18 TOBACCO AND LIQUOR
3917,SMOKIN' JOE'S #2 TOBACCO AND LIQUOR
4619,SMOKIN' JOE'S #3 TOBACCO AND LIQUOR
4273,SMOKIN' JOE'S #4 TOBACCO AND LIQUOR
3916,SMOKIN' JOE'S #5 TOBACCO AND LIQUOR
3894,SMOKIN' JOE'S #6 TOBACCO AND LIQUOR
3890,SMOKIN' JOE'S #7 TOBACCO AND LIQUOR
5436,SMOKIN' JOE'S #8 TOBACCO AND LIQUOR OUTLET
4580,SMOKIN' JOE'S #9 TOBACCO AND LIQUOR
6237,SMOKIN' JOE'S TOBACCO & LIQUOR OUTLET #03 / CLINTON
4885,SNK GAS & FOOD LLC
5373,SODES GREEN ACRE
4673,SONNY'S SUPER MARKET / WEST POINT
5145,SOUTH SIDE FOOD MART
4905,SOUTH SIDE GROCERY
9912,SOUTHERN WINE & SPIRITS
5862,SOUTHGATE EXPRESSE - AMES
6300,SOUTHGATE WINE & SPIRITS / AMES
4349,SOUTHSIDE FOOD MART
4697,SOUTHSIDE LIQUOR & TOBACCO / IOWA CI
4851,SOUTHSIDE LIQUOR & TOBACCO OUTLET /
5313,SOUTHSIDE TOBACCO & LIQUOR
5466,SOUTHSIDE TOBACCO & LIQUOR
3785,SOUTHSIDE TOBACCO AND LIQUOR
4613,SPARKY'S ONE STOP / CARROLL
6188,SPARKY'S ONE STOP / LAKE VIEW
4441,SPEEDE SHOP
4498,SPEEDE SHOP / WINTHROP
5938,SPEEDEE MART / AVOCA
10152,SPEEDEE MART 1512 / COUNCIL BLUFFS
6167,SPEEDEE MART 1515 / COUNCIL BLUFFS
4867,SPEEDY GAS N SHOP
2367,SPENCER'S GROCERY
4881,SPERRY ONE STOP SHOP LLC
4469,SPERRY ONE STOP SHOP LLC
4034,SPICE-N-ICE
4681,SPIRITS & SUCH
4344,SPIRITS / GRIMES
2260,"SPIRITS AND ALE, INC."
2132,SPIRITS AND SUCH
5425,SPIRITS LIQUOR
3650,"SPIRITS, STOGIES AND STUFF"
5423,STAMMER LIQUOR CORP
6114,STAN'S CORNER / LAKE PARK
5667,STANWOOD FOOD MART LLC
10195,STAR / DENISON
6068,STAR CONVENIENCE / FORT DODGE
6137,STAR CONVENIENCE / FORT DODGE
10136,STAR LIQUOR TOBACCO AND VAPE / WAUKEE
5371,STATE FOOD MART
5013,STATE FOOD MART
5364,STATION MART
5856,STATION MART #1 - EVANSDALE
5839,STATION MART #2
5472,STATION MART 2
6257,STATION MART 2 / EVANSDALE
4223,STATION MART LIQUOR AND TOBACCO
4222,STATION MART LIQUOR AND TOBBACCO
3779,"STATION WINE AND SPIRITS, T"
4843,STEWART ROAD FAST BREAK
10082,STOP AND SHOP LIQUOR LLC / ANKENY
5485,STORY CITY MARKET
4326,STRATFORD FOOD CENTER
6165,STRAWBERRY FOOD
3803,STRAWBERRY FOODS AND DELI
4952,SUB EXPRESS & GAS
5555,SUB EXPRESS & GAS
4526,SUB XPRESS & GAS
5621,SUN MART
6270,SUNDSTOP / OLIN
4213,SUNNY'S MART
4686,SUNNY'S MART / CLINTON
10197,SUNSHINE FOODS / HAWARDEN
10159,SUNSHINE FOODS / MILFORD
10212,SUNSHINE FOODS ROCK VALLEY / ROCK VALLEY
5628,SUPER CONVENIENCE STORE
5348,"SUPER LUCKY, INC"
10165,SUPER MARKET / DAVENPORT
5455,SUPER MART
6268,SUPER MART / OELWEIN
6036,SUPER MART / OELWEIN
6142,SUPER MART / OELWEIN
5199,SUPER MART / OELWEIN
4511,SUPER QUICK / SE 30 DM
4169,SUPER QUICK 2 / HUBBELL
5889,SUPER QUICK LIQUOR / WDM
5651,SUPER QUICK MART / WINDSOR HEIGHTS
5849,SUPER QUICK STOP - COUNCIL BLUFFS
5668,SUPER QUICK STOP / COUNCIL BLUFFS
3443,SUPER SAVER IV
5360,SUPER SAVER LIQUOR
5735,SUPER SAVER LIQUOR -MUSCATINE
6065,SUPER SAVER LIQUOR / DAVENPORT
5018,SUPER SAVER LIQUOR LLC
5470,SUPER SAVER LIQUOR OF MUSCATINE
6139,SUPER SAVER TOBACCO & LIQUOR / DAVENPORT
4974,SUPER STOP  SE 14TH
5737,SUPER STOP & SHOP / BALDWIN
10060,SUPER STOP / ALTOONA
4819,SUPER STOP 2 / ALTOONA
10221,SUPER STOP 3 / DUBUQUE
4690,SUPER STOP AND SHOP / BALDWIN
4666,SUPER STOP II / ALTOONA
4329,SUPER STOP II / ALTOONA
5644,SUPER STOP II / DUBUQUE
5042,SUPER STOP III / DUBUQUE
5815,SUPER STOP IV - DUBUQUE
5995,SUPER STOP LIQUOR AND WINE / ALTOONA
3540,SUPER TARGET T-0533 / DAVENPORT
3528,SUPER TARGET T-0804 MASON CITY
3016,SUPER VALU / BENDER'S
3003,SUPER VALU / MARK'S
6260,SUPERQUICK LIQUOR VINE / WEST DES MOINES
10107,SWEET WATER SPIRITS LLC / CLARION
10180,SWEETIES LIQUOR STORE AND COFFEE SHOP LLC / ODEBOLT
5841,SWEETWATER SPIRITS - LIVERMORE
9925,SWELL LIQUOR
3816,SWILS
5493,SWILS
2130,SYCAMORE CONVENIENCE
3676,T AND M FOODS
4225,T P PLAZA
3747,T-N-T LIQUOR
5468,TAMANG ENTERPRISE
3871,TARGET STORE T-0069 / WDM
3872,TARGET STORE T-0086 / DUBUQUE
4056,TARGET STORE T-0860 / WEST BURLINGTON
3901,TARGET STORE T-0878 / FORT DODGE
3873,TARGET STORE T-1113 / CORALVILLE
3866,TARGET STORE T-1170 / AMES
3656,TARGET STORE T-1767 / ANKENY
3707,TARGET STORE T-1768 / CEDAR RAPIDS
3666,TARGET STORE T-1771 / CEDAR RAPIDS
3691,TARGET STORE T-1791 / URBANDALE
3690,TARGET STORE T-1792 / WATERLOO
3879,TARGET STORE T-1800 / SIOUX CITY
3806,TARGET STORE T-1901 / WDM
3870,TARGET STORE T-1939 / ALTOONA
3877,TARGET STORE T-2041 / DES MOINES
3880,TARGET STORE T-2454 / COUNCIL BLUFFS
4119,TARGET STORE T-2526 / CEDAR FALLS
6008,TARGET STORE T-3374 / IOWA CITY
5861,TAYLOR QUIK PIK - COUNCIL BLUFFS
5855,TAYLOR QUIK PIK - HARLAN
5858,TAYLOR QUIK PIK - SHELBY
9038,TEMPLETON DISTILLING LLC
9938,TEMPLETON DISTILLING LLC
9927,TEMPLETON RYE
5654,TEQUILA WINE & SPIRITS
4057,TEQUILA'S LIQUOR STORE
3826,TERRIBLES LAKESIDE CASINO
4298,TERRY'S FOOD CENTER
6022,TERRY'S FOOD CENTER / DYSART
5152,TEXAS STREET MARKET
5454,THAT IOWA GIRL
3654,THE BEVERAGE SHOP / BELMOND
5293,THE BOONEDOCKS
4576,THE BOONEDOCKS
5112,THE BOTTLE SHOP
4335,THE BOTTLE SHOP / INWOOD
4956,THE COOLER
5253,THE CORNER STORE
10005,THE CROWN LIQUOR / IOWA CITY
4593,THE CUE LIQUORS
5268,THE DEPOT ATKINS
5196,THE DEPOT CORALVILLE
6150,THE DEPOT GILMAN
5422,THE DEPOT MONTEZUMA LLC
5511,THE DEPOT NORTH LIBERTY
5404,THE DEPOT OXFORD LLC
5649,THE DEPOT TIFFIN
6145,THE DEPOT VAN HORNE
5650,THE DEPOT WILLIAMSBURG
5536,THE FILLING STATION / AMES
4704,THE FILLING STATION / COUNCIL BLUFFS
5532,THE FOOD CENTER
5047,THE FRESH MARKET
5189,THE FRESH MARKET  / W DES MOINES
3393,THE HANGOUT LIQUORS
5915,THE HUT / COUNCIL BLUFFS
5701,THE HUT 23
6198,THE LIQUOR CABINET / CLIVE
3970,"THE LIQUOR CABINET, INC."
4481,THE LIQUOR HOUSE
3717,THE LIQUOR STOP / SUMNER
5029,THE LIQUOR STOP LLC
5311,THE LIQUOR STORE
3797,THE LIQUOR STORE / DAVENPORT
3831,THE MARKET OF MADRID
4776,THE MARKET ON 30 / CARROLL
4563,THE MOLEHILL
4947,THE MUSIC STATION
5001,THE MUSIC STATION / INDEPENDENCE
5244,THE OX & WREN SPIRITS AND GIFTS
4309,THE PARTY PANTRY
4672,THE PIT STOP / RIVER CITY LIQUOR
4466,THE PUMPER
10098,THE PUMPER / FAYETTE
3822,THE SECRET CELLAR
5634,THE SNACK SHACK
5918,THE SNACK SHACK #2 / WATERLOO
5872,THE SNACK SHACK / WATERLOO
5267,THE STATION
4861,THE STATION / CEDAR RAPIDS
5225,THE STATION II / NORTH LIBERTY
4029,THE STORE
5629,THE VILLE
9930,THOME ENTERPRISES LLC
6034,THREE DOORS DOWN LIQUOR
3808,THRIFTWAY
5931,THRIFTWAY / LA PORTE CITY
5457,THULORDS
4574,THULORDS
4631,THUNDER RIDGE AMPRIDE
6272,THURSTY THURSTON'S LIQUOR
5483,TIGER MART
10118,TIGER MART / TIPTON
4269,TIPTON FAMILY FOODS
4870,TOBACCO 4 LESS / BETTENDORF
5108,TOBACCO 4 LESS / STATE ST
4884,TOBACCO HUT #11 / SIOUX CITY
3963,TOBACCO HUT #14 / COUNCIL BLUFFS
4866,TOBACCO HUT #18 / COUNCIL BLUFFS
4113,TOBACCO HUT #6 / COUNCIL
5314,TOBACCO HUT & LIQUOR
5897,TOBACCO HUT / URBANDALE
6338,TOBACCO HUT PLUS US GAS / DES MOINES
6342,TOBACCO MART / URBANDALE
5481,TOBACCO OUTLET & LIQUOR
10036,TOBACCO OUTLET PLUS #504 / DUBUQUE
5869,TOBACCO OUTLET PLUS #507 - URBANDALE
5946,TOBACCO OUTLET PLUS #530 / AMES
5952,TOBACCO OUTLET PLUS #537 / IOWA CITY
6116,TOBACCO OUTLET PLUS #561 / CEDAR FALLS
5068,TOBACCO SHOP / ARNOLDS PARK
4117,TOBACCO SHOP / ARNOLDS PARK
4434,TODD'S
6217,TODD'S SHELL / ROCK RAPIDS
4176,TODDS ON THE GO
3895,TOM'S MARKET AND MEATS
10003,TOP SHELF LIQUOR / IOWA CITY
6231,TRAER SHORT STOP / TRAER
5380,TRANSIT GENERAL STORE
10046,TRANSIT GENERAL STORE / SIOUX CITY
4953,TRI STOP
10129,TROY MILLS / TROY MILLS
4396,"TRUNCK'S COUNTRY FOODS, INC."
3942,TWIN TOWN LIQUOR
10245,TWO RIVERS / COLUMBUS JUNCTION
9049,TYCOGA VINEYARD & WINERY
4478,U S GAS
5410,UMIYA FOODMART INC
5037,UNCORKED WINE & SPIRITS
5914,UNI MART / WATERLOO
6066,UNITED WINE & LIQUOR / CEDAR FALLS
4139,UNIVERSITY GROCERIES
6151,UNIVERSITY LIQUORS / WDM
5172,UPTOWN LIQUOR & TOBACCO
5949,UPTOWN LIQUOR & TOBACCO / CEDAR RAPIDS
5661,UPTOWN LIQUOR & TOBACCO / CEDAR RAPIDS
4288,UPTOWN LIQUOR AND TOBACCO
4073,"UPTOWN LIQUOR, LLC"
6138,URBAN FUEL EXPRESS / IOWA CITY
5898,URBAN FUEL LLC / NORTH LIBERTY
4939,URBAN LIQUOR
5136,URBAN LIQUOR
4614,URBAN LIQUOR
5917,URBANDALE LIQUOR
5842,URBANDALE LIQUOR
5162,URBANDALE LIQUOR
4579,USA FOOD & GAS / GRAND MOUND
4813,USA FOOD AND GAS / GRAND MOUND
10059,VALENTINA MEXICAN GROCERY STORE / EAGLE GROVE
6023,VALLEY WEST CORNER STORE / WDM
10220,VAPE AND SMOKE / TAMA
9928,VBJ BEVERAGES LLC
5147,VICTOR'S MARKET
4325,VILLISCA FOODS INC.
5385,VINE FOOD & LIQUOR
4922,VINOS Y LICORES EL AGUAJE
4669,VOM FASS / DES MOINES
5249,W-MART
5559,W-MART
3563,WAL-MART 0559 / MUSCATINE
3719,WAL-MART 0581 / MARSHALLTOWN
3886,WAL-MART 0646 / ANAMOSA
3888,WAL-MART 0647 / GRINNELL
3624,WAL-MART 0748 / NEWTON
4015,WAL-MART 0749 / AMES
3859,WAL-MART 0750 / INDEPENDENCE
3949,WAL-MART 0751 / PELLA
3769,WAL-MART 0753 / CEDAR FALL
3790,WAL-MART 0784 / MT PLEASAN
3562,WAL-MART 0797 / W BURLINGTON
3713,WAL-MART 0810 / MASON CITY
4013,WAL-MART 0841 / TIPTON
3592,WAL-MART 0886 / FORT DODGE
3625,WAL-MART 0892 / ANKENY
3721,WAL-MART 0913 / DECORAH
4021,WAL-MART 0985 / FAIRFIELD
3889,WAL-MART 1005 / WAVERLY
3981,WAL-MART 1152 / SIOUX CENTER
3731,WAL-MART 1241 / DAVENPORT
3726,WAL-MART 1285 / OTTUMWA
3722,WAL-MART 1361 / SIOUX CITY
4023,WAL-MART 1389 / BOONE
3789,WAL-MART 1393 / OSKALOOSA
3622,WAL-MART 1415 / SPIRIT LAKE
3811,WAL-MART 1431 / KEOKUK
3830,WAL-MART 1435 / CRESTON
4098,WAL-MART 1475 / WASHINGTON
3651,WAL-MART 1491 / INDIANOLA
3663,WAL-MART 1496 / WATERLOO
4019,WAL-MART 1506 / MANCHESTER
3934,WAL-MART 1509 / MAQUOKETA
3749,WAL-MART 1526 / STORM LAKE
3628,WAL-MART 1528 / CEDAR RAPIDS
4024,WAL-MART 1546 / IOWA FALLS
4027,WAL-MART 1621 / CENTERVILLE
3742,WAL-MART 1625 / LEMARS
4266,WAL-MART 1683 / SHENANDOAH
3980,WAL-MART 1721 / IOWA CITY
3696,WAL-MART 1723 / DES MOINES
4014,WAL-MART 1732 / DENISON
3645,WAL-MART 1764 / WINDSOR HEIGHTS
4001,WAL-MART 1787 / CARROLL
3629,WAL-MART 1965 / COUNCIL BLUFFS
3632,WAL-MART 2004 / DUBUQUE
3626,WAL-MART 2714 / SPENCER
3618,WAL-MART 2716 / CEDAR RAPIDS
3644,WAL-MART 2764 / ALTOONA
3670,WAL-MART 2827 / CORALVILLE
3647,WAL-MART 2889 / CLINTON
3660,WAL-MART 2935 / KNOXVILLE
5077,WAL-MART 3150 / COUNCIL BLUFFS
3833,WAL-MART 3394 / ATLANTIC
3757,WAL-MART 3590 / SIOUX CITY
3868,WAL-MART 3630 / MARION
3899,WAL-MART 3762 / WDM
4004,WAL-MART 4256 / AMES
3997,WAL-MART 4606 / OSCEOLA
3776,WAL-MART 5115 / DAVENPORT
4209,WAL-MART 5748 / GRIMES
4795,WALGREENS #00359 / DES MOINES
4703,WALGREENS #00910 / SIOUX CITY
4735,WALGREENS #01301 / OTTUMWA
4756,WALGREENS #03196 / MARSHALLTOWN
4761,WALGREENS #03590 / WATERLOO
4751,WALGREENS #03595 / DAVENPORT
4741,WALGREENS #03700 / COUNCIL BLUFFS
4733,WALGREENS #03773 / URBANDALE
4744,WALGREENS #03875 / CEDAR RAPIDS
4736,WALGREENS #03876 / MARION
4750,WALGREENS #04041 / DAVENPORT
4740,WALGREENS #04405 / COUNCIL BLUFFS
4796,WALGREENS #04714 / DES MOINES
4734,WALGREENS #04973 / URBANDALE
4745,WALGREENS #05042 / CEDAR RAPIDS
4721,WALGREENS #05044 / BURLINGTON
4731,WALGREENS #05060 / CLIVE
4728,WALGREENS #05077 / IOWA CITY
4707,WALGREENS #05119 / CLINTON
4706,WALGREENS #05144 / CLINTON
4749,WALGREENS #05239 / DAVENPORT
4739,WALGREENS #05306 / COUNCIL BLUFFS
4702,WALGREENS #05361 / FORT DODGE
4797,WALGREENS #05362 / DES MOINES
4791,WALGREENS #05470 / SIOUX CITY
4717,WALGREENS #05512 / BETTENDORF
4798,WALGREENS #05721 / DES MOINES
4799,WALGREENS #05777 / DES MOINES
4801,WALGREENS #05852 / DES MOINES
4746,WALGREENS #05885 / MUSCATINE
4692,WALGREENS #05886 / KEOKUK
4755,WALGREENS #05941 / MASON CITY
4724,WALGREENS #05942 / NEWTON
4714,WALGREENS #05943 / INDIANOLA
4730,WALGREENS #05944 / JOHNSTON
4705,WALGREENS #05977 / CORALVILLE
4711,WALGREENS #06154 / DUBUQUE
4748,WALGREENS #06186 / DAVENPORT
4699,WALGREENS #06553 / BETTENDORF
4718,WALGREENS #06623 / WEST DES MOINES
4719,WALGREENS #06677 / WEST DES MOINES
4715,WALGREENS #06678 / WEST DES MOINES
4802,WALGREENS #07452 / DES MOINES
4803,WALGREENS #07453 / DES MOINES
4726,WALGREENS #07454 / ANKENY
4760,WALGREENS #07455 / WATERLOO
4804,WALGREENS #07833 / DES MOINES
4732,WALGREENS #07967 / CLIVE
4800,WALGREENS #07968 / DES MOINES
4727,WALGREENS #07996 / ANKENY
4722,WALGREENS #09476 / BURLINGTON
4710,WALGREENS #09708 / DUBUQUE
4695,WALGREENS #09791 / ALTOONA
4723,WALGREENS #10557 / CEDAR FALLS
4688,WALGREENS #10770 / CARROLL
4759,WALGREENS #10855 / WATERLOO
4713,WALGREENS #10985 / CORALVILLE
4716,WALGREENS #11153 / SPENCER
4701,WALGREENS #11193 / BOONE
4737,WALGREENS #11330 / STORM LAKE
4747,WALGREENS #11709 / DAVENPORT
5096,WALGREENS #11710 / NORTH LIBERTY
4689,WALGREENS #11759 / FORT MADISON
4712,WALGREENS #11942 / DUBUQUE
4709,WALGREENS #12108 / AMES
4754,WALGREENS #12148 / WAVERLY
4679,WALGREENS #12393 / CEDAR RAPIDS
4788,WALGREENS #12580 / CEDAR RAPIDS
4975,WALGREENS #15647 / SIOUX CITY
6242,WALL TO WALL WINE AND SPIRITS / WEST DES MOINES
4125,WAPELLO JACK AND JILL
5704,WASHINGTON LIQUOR & TOBACCO OUTLET
6238,WASHINGTON LIQUOR AND TOBACCO OUTLET / WASHINGTON
3805,WASHINGTON STREET MINI MART
5642,WASPY'S TRUCK STOP
5400,WASPY'S TRUCK STOP
6261,WAUKEE LIQUOR & FOOD MART / WAUKEE
9014,WERNER DISTILLING
10243,WEST 5TH MART / WATERLOO
5873,WEST D LIQUORS
5848,WEST FORTY MARKET - GREENE
5046,WEST K MART
5721,WEST MAIN LIQUOR
10090,WEST SECOND BP / OTTUMWA
10058,WEST SIDE GROCERY
5319,WEST SIDE GROCERY
5703,WEST SIDE LIQUOR
5474,WEST SIDE LIQUOR
5043,WEST SIDE LIQUOR / WATERLOO
2327,WEST SIDE SPIRITS
4857,WESTLAND FAST BREAK
5890,WESTSIDE HOUSER MART / MUSCATINE
5702,WESTSIDE PETRO
6236,WESTSIDE SPIRITS / CEDAR RAPIDS
10191,WEVER JUNCTION INC / WEVER
4948,WHEATLAND DAY BREAK
5894,WHISKEY BUSINESS / ALLERTON
10037,WHISKEY WOLF LIQUOR / GLENWOOD
5495,WHITE OAK STATION #52
5494,WHITE OAK STATION #53
5587,WHITE OAK STATION #79 / MUSCATINE
5584,WHITE OAK STATION #80 / WAPELLO
5578,WHITE OAK STATION #82 / NEVADA
5579,WHITE OAK STATION #83 / CASEY
5586,WHITE OAK STATION #86 / HOSPERS
5255,WHOLE FOODS MARKET
3891,"WILD ROSE EMMETSBURG, LLC"
9051,WILDCAT DISTILLING / DUNCOMBE
10130,WILDCAT DISTILLING / WEBSTER CITY
3692,WILKIE LIQUORS
5102,WILKIE LIQUORS
5073,"WILLIAMS BOULEVARD SERVICE, INC."
4807,WILLIAMSBURG FOODS
5040,WILTON EXPRESS
5998,WILTON EXPRESS
6306,WINE & SPIRITS SHOPPE OF ALGONA / ALGONA
3762,WINE AND SPIRITS GALLERY
3987,WINE AND SPIRITS SHOPPE OF
3525,WINES AND SPIRITS
4276,WJ'S LIQUOR
10103,WMART / DAVENPORT
10021,WORLD CLASS LIQUOR AND TOBACCO / BONDURANT
4877,WORLD LIQUOR & TOBACCO
5237,WORLD LIQUOR & TOBACCO + VAPE
5471,WORLD LIQUOR & TOBACCO + VAPORS
6235,WORLD LIQUOR & TOBACCO + VAPORS / ADEL
6304,WORLD LIQUOR & TOBACCO + VAPORS / AMES
6303,WORLD LIQUOR & TOBACCO + VAPORS / DES MOINES
6203,WORLD LIQUOR & TOBACCO + VAPORS / WAUKEE
10198,WORLD LIQUOR & TOBACCO PLUS VAPORS
10201,WORLD LIQUOR & TOBACCO PLUS VAPORS / ADEL
10102,WORLD LIQUOR AND TOBACCO PLUS VAPORS /  CHEROKEE
10150,WYCH DR DISTILLING CO / ET
6202,XO FOOD & LIQUOR / WATERLOO
4077,XO FOOD AND LIQUOR
4066,XPRESS LIQUOR
5433,Y-KNOT
5421,YESWAY # 1009/ HARLAN
5714,YESWAY #1031
5488,YESWAY #1103 / ROCKFORD
5530,YESWAY #1148 / MARSHALLTOWN
5647,YESWAY #1169 / STORM LAKE
5280,YESWAY STORE # 10011/ MASON CITY
5301,YESWAY STORE # 10012/ OTTUMWA
5300,YESWAY STORE # 10013/ OTTUMWA
5288,YESWAY STORE # 10016/ FORT DODGE
5281,YESWAY STORE # 10017/ FORT DODGE
5297,YESWAY STORE # 10018/ WEBSTER CITY
5282,YESWAY STORE # 10019/ MASON CITY
5289,YESWAY STORE # 10020/ STORY CITY
5296,YESWAY STORE # 10021/ WEBSTER CITY
5294,YESWAY STORE # 10022/ WATERLOO
5295,YESWAY STORE # 10023/ WATERLOO
5290,YESWAY STORE # 10025/ NEWTON
5283,YESWAY STORE # 10026/ MASON CITY
5302,YESWAY STORE # 10034/ BELMOND
5287,YESWAY STORE # 1029/ CLARION
5379,YESWAY STORE # 1036/ KANAWHA
5395,YESWAY STORE #1037/ GRIMES
5677,YESWAY STORE #1198 / SWEA CITY
5959,YOUR PRIVATE BAR / URBANDALE
4886,YR DOLLAR STOP
4874,Z'S QUICKBREAK
4908,ZAPF'S PRONTO MARKET
